{
"type": "FeatureCollection",
"name": "bb_4326",
"crs": { "type": "name", "properties": { "name": "urn:ogc:def:crs:OGC:1.3:CRS84" } },
"features": [
{ "type": "Feature", "properties": { "type": "path", "memo": null, "id": "w_0001" }, "geometry": { "type": "MultiLineString", "coordinates": [ [ [ 127.137241819339451, 36.466741265006419 ], [ 127.137432997938674, 36.466696301478336 ] ] ] } },
{ "type": "Feature", "properties": { "type": "path", "memo": null, "id": "w_0002" }, "geometry": { "type": "MultiLineString", "coordinates": [ [ [ 127.137432997938674, 36.466696301478336 ], [ 127.137864051572777, 36.46683264241863 ] ] ] } },
{ "type": "Feature", "properties": { "type": "crosswalk", "memo": null, "id": "w_0003" }, "geometry": { "type": "MultiLineString", "coordinates": [ [ [ 127.137864051572777, 36.46683264241863 ], [ 127.13789200693401, 36.466753593711175 ] ] ] } },
{ "type": "Feature", "properties": { "type": "path", "memo": null, "id": "w_0004" }, "geometry": { "type": "MultiLineString", "coordinates": [ [ [ 127.13789200693401, 36.466753593711175 ], [ 127.137962346229926, 36.466776075461858 ] ] ] } },
{ "type": "Feature", "properties": { "type": "path", "memo": null, "id": "w_0005" }, "geometry": { "type": "MultiLineString", "coordinates": [ [ [ 127.137962346229926, 36.466776075461858 ], [ 127.138314042709638, 36.466679621453203 ] ] ] } },
{ "type": "Feature", "properties": { "type": "path", "memo": null, "id": "w_0006" }, "geometry": { "type": "MultiLineString", "coordinates": [ [ [ 127.137962346229926, 36.466776075461858 ], [ 127.137945212298888, 36.466675995360333 ] ] ] } },
{ "type": "Feature", "properties": { "type": "path", "memo": null, "id": "w_0007" }, "geometry": { "type": "MultiLineString", "coordinates": [ [ [ 127.137945212298888, 36.466675995360333 ], [ 127.137880283718019, 36.466505931413238 ] ] ] } },
{ "type": "Feature", "properties": { "type": "path", "memo": null, "id": "w_0008" }, "geometry": { "type": "MultiLineString", "coordinates": [ [ [ 127.137945212298888, 36.466675995360333 ], [ 127.13802727481081, 36.46663792137474 ] ] ] } },
{ "type": "Feature", "properties": { "type": "path", "memo": null, "id": "w_0009" }, "geometry": { "type": "MultiLineString", "coordinates": [ [ [ 127.137880283718019, 36.466505931413238 ], [ 127.137951975692857, 36.466400411804379 ], [ 127.138084538212098, 36.46631773654655 ], [ 127.138369953432203, 36.46619045999045 ] ] ] } },
{ "type": "Feature", "properties": { "type": "path", "memo": null, "id": "w_0010" }, "geometry": { "type": "MultiLineString", "coordinates": [ [ [ 127.138369953432203, 36.46619045999045 ], [ 127.138440292728149, 36.466160000612724 ] ] ] } },
{ "type": "Feature", "properties": { "type": "path", "memo": null, "id": "w_0011" }, "geometry": { "type": "MultiLineString", "coordinates": [ [ [ 127.138440292728149, 36.466160000612724 ], [ 127.138420002546624, 36.466121382455896 ] ] ] } },
{ "type": "Feature", "properties": { "type": "stairs", "memo": null, "id": "w_0012" }, "geometry": { "type": "MultiLineString", "coordinates": [ [ [ 127.138420002546624, 36.466121382455896 ], [ 127.138369953432203, 36.466048497431409 ] ] ] } },
{ "type": "Feature", "properties": { "type": "path", "memo": null, "id": "w_0013" }, "geometry": { "type": "MultiLineString", "coordinates": [ [ [ 127.138369953432203, 36.466048497431409 ], [ 127.138328696729772, 36.465991929902486 ] ] ] } },
{ "type": "Feature", "properties": { "type": "path", "memo": null, "id": "w_0014" }, "geometry": { "type": "MultiLineString", "coordinates": [ [ [ 127.138328696729772, 36.465991929902486 ], [ 127.137595206667868, 36.466321272003498 ] ] ] } },
{ "type": "Feature", "properties": { "type": "path", "memo": null, "id": "w_0015" }, "geometry": { "type": "MultiLineString", "coordinates": [ [ [ 127.137595206667868, 36.466321272003498 ], [ 127.137407860658541, 36.466404491173407 ] ] ] } },
{ "type": "Feature", "properties": { "type": "crosswalk", "memo": null, "id": "w_0016" }, "geometry": { "type": "MultiLineString", "coordinates": [ [ [ 127.137595206667868, 36.466321272003498 ], [ 127.137777818301601, 36.466387629780186 ] ] ] } },
{ "type": "Feature", "properties": { "type": "crosswalk", "memo": null, "id": "w_0017" }, "geometry": { "type": "MultiLineString", "coordinates": [ [ [ 127.137407860658541, 36.466404491173407 ], [ 127.137284090551205, 36.466437670033237 ] ] ] } },
{ "type": "Feature", "properties": { "type": "path", "memo": null, "id": "w_0018" }, "geometry": { "type": "MultiLineString", "coordinates": [ [ [ 127.137284090551205, 36.466437670033237 ], [ 127.136968578228576, 36.466005799829297 ], [ 127.137078145208818, 36.465947600512052 ] ] ] } },
{ "type": "Feature", "properties": { "type": "path", "memo": null, "id": "w_0019" }, "geometry": { "type": "MultiLineString", "coordinates": [ [ [ 127.137284090551205, 36.466437670033237 ], [ 127.13714510280785, 36.466458338823948 ] ] ] } },
{ "type": "Feature", "properties": { "type": "path", "memo": "자동차 조심", "id": "w_0020" }, "geometry": { "type": "MultiLineString", "coordinates": [ [ [ 127.137284090551205, 36.466437670033237 ], [ 127.137432997938674, 36.466696301478336 ] ] ] } },
{ "type": "Feature", "properties": { "type": "path", "memo": null, "id": "w_0021" }, "geometry": { "type": "MultiLineString", "coordinates": [ [ [ 127.137777818301601, 36.466387629780186 ], [ 127.13756240420777, 36.466625864608787 ], [ 127.137542114026274, 36.466651972490673 ] ] ] } },
{ "type": "Feature", "properties": { "type": "path", "memo": "자동차 조심", "id": "w_0022" }, "geometry": { "type": "MultiLineString", "coordinates": [ [ [ 127.137432997938674, 36.466696301478336 ], [ 127.137542114026274, 36.466651972490673 ] ] ] } },
{ "type": "Feature", "properties": { "type": "path", "memo": null, "id": "w_0023" }, "geometry": { "type": "MultiLineString", "coordinates": [ [ [ 127.138328696729772, 36.465991929902486 ], [ 127.138846096358748, 36.465733840028086 ] ] ] } },
{ "type": "Feature", "properties": { "type": "crosswalk", "memo": null, "id": "w_0024" }, "geometry": { "type": "MultiLineString", "coordinates": [ [ [ 127.138846096358748, 36.465733840028086 ], [ 127.138890734758093, 36.465807813188455 ] ] ] } },
{ "type": "Feature", "properties": { "type": "path", "memo": null, "id": "w_0025" }, "geometry": { "type": "MultiLineString", "coordinates": [ [ [ 127.138890734758093, 36.465807813188455 ], [ 127.138946194587561, 36.4659068065721 ], [ 127.138847449037499, 36.465968813352369 ], [ 127.138900203509451, 36.466039522778154 ] ] ] } },
{ "type": "Feature", "properties": { "type": "path", "memo": null, "id": "w_0026" }, "geometry": { "type": "MultiLineString", "coordinates": [ [ [ 127.138846096358748, 36.465733840028086 ], [ 127.139214024983687, 36.465556521723919 ] ] ] } },
{ "type": "Feature", "properties": { "type": "crosswalk", "memo": null, "id": "w_0027" }, "geometry": { "type": "MultiLineString", "coordinates": [ [ [ 127.139214024983687, 36.465556521723919 ], [ 127.139273542849466, 36.46565877895496 ] ] ] } },
{ "type": "Feature", "properties": { "type": "crosswalk", "memo": null, "id": "w_0028" }, "geometry": { "type": "MultiLineString", "coordinates": [ [ [ 127.139258663383046, 36.465498865991599 ], [ 127.139379051793398, 36.465471669876599 ] ] ] } },
{ "type": "Feature", "properties": { "type": "crosswalk", "memo": null, "id": "w_0029" }, "geometry": { "type": "MultiLineString", "coordinates": [ [ [ 127.139273542849466, 36.46565877895496 ], [ 127.139425042871508, 36.465669657375862 ] ] ] } },
{ "type": "Feature", "properties": { "type": "path", "memo": null, "id": "w_0030" }, "geometry": { "type": "MultiLineString", "coordinates": [ [ [ 127.139273542849466, 36.46565877895496 ], [ 127.139303978121802, 36.465736015710256 ], [ 127.13917581180857, 36.466188284321035 ] ] ] } },
{ "type": "Feature", "properties": { "type": "crosswalk", "memo": null, "id": "w_0031" }, "geometry": { "type": "MultiLineString", "coordinates": [ [ [ 127.137785934374506, 36.465208954914289 ], [ 127.137738590617616, 36.465144227902861 ] ] ] } },
{ "type": "Feature", "properties": { "type": "path", "memo": null, "id": "w_0032" }, "geometry": { "type": "MultiLineString", "coordinates": [ [ [ 127.137785934374506, 36.465208954914289 ], [ 127.138328696729772, 36.465991929902486 ] ] ] } },
{ "type": "Feature", "properties": { "type": "path", "memo": "자동차 조심", "id": "w_0033" }, "geometry": { "type": "MultiLineString", "coordinates": [ [ [ 127.137785934374506, 36.465208954914289 ], [ 127.13727259278204, 36.465453720435434 ], [ 127.137219838310074, 36.465558153489269 ], [ 127.137349695471826, 36.465698485183829 ], [ 127.137353753508108, 36.465812708468619 ], [ 127.137078145208818, 36.465947600512052 ] ] ] } },
{ "type": "Feature", "properties": { "type": "path", "memo": null, "id": "w_0034" }, "geometry": { "type": "MultiLineString", "coordinates": [ [ [ 127.137738590617616, 36.465144227902861 ], [ 127.137606366268045, 36.464976426953463 ] ] ] } },
{ "type": "Feature", "properties": { "type": "path", "memo": null, "id": "w_0035" }, "geometry": { "type": "MultiLineString", "coordinates": [ [ [ 127.137606366268045, 36.464976426953463 ], [ 127.136644611663939, 36.465475749294441 ], [ 127.136590842682907, 36.465634030541693 ], [ 127.136718670826497, 36.465821683148157 ] ] ] } },
{ "type": "Feature", "properties": { "type": "path", "memo": null, "id": "w_0036" }, "geometry": { "type": "MultiLineString", "coordinates": [ [ [ 127.136718670826497, 36.465821683148157 ], [ 127.13714510280785, 36.466458338823948 ] ] ] } },
{ "type": "Feature", "properties": { "type": "path", "memo": null, "id": "w_0037" }, "geometry": { "type": "MultiLineString", "coordinates": [ [ [ 127.13917581180857, 36.466188284321035 ], [ 127.139126608118374, 36.466198822719313 ] ] ] } },
{ "type": "Feature", "properties": { "type": "path", "memo": null, "id": "w_0038" }, "geometry": { "type": "MultiLineString", "coordinates": [ [ [ 127.13917581180857, 36.466188284321035 ], [ 127.139181011167565, 36.466267356268084 ] ] ] } },
{ "type": "Feature", "properties": { "type": "path", "memo": null, "id": "w_0039" }, "geometry": { "type": "MultiLineString", "coordinates": [ [ [ 127.139181011167565, 36.466267356268069 ], [ 127.138689481520217, 36.466491313692487 ] ] ] } },
{ "type": "Feature", "properties": { "type": "path", "memo": null, "id": "w_0040" }, "geometry": { "type": "MultiLineString", "coordinates": [ [ [ 127.138314042709638, 36.466679621453203 ], [ 127.138689481520217, 36.466491313692487 ] ] ] } },
{ "type": "Feature", "properties": { "type": "path", "memo": null, "id": "w_0041" }, "geometry": { "type": "MultiLineString", "coordinates": [ [ [ 127.138689481520217, 36.466491313692487 ], [ 127.138672742120448, 36.466466837502722 ] ] ] } },
{ "type": "Feature", "properties": { "type": "path", "memo": null, "id": "w_0042" }, "geometry": { "type": "MultiLineString", "coordinates": [ [ [ 127.138689481520217, 36.466491313692487 ], [ 127.138706220919957, 36.466639394475685 ] ] ] } },
{ "type": "Feature", "properties": { "type": "path", "memo": null, "id": "w_0043" }, "geometry": { "type": "MultiLineString", "coordinates": [ [ [ 127.139181011167565, 36.466267356268069 ], [ 127.139165793531376, 36.466433794634277 ] ] ] } },
{ "type": "Feature", "properties": { "type": "path", "memo": null, "id": "w_0044" }, "geometry": { "type": "MultiLineString", "coordinates": [ [ [ 127.139289056384101, 36.466376275533435 ], [ 127.139165793531376, 36.466433794634277 ] ] ] } },
{ "type": "Feature", "properties": { "type": "path", "memo": null, "id": "w_0045" }, "geometry": { "type": "MultiLineString", "coordinates": [ [ [ 127.139273542849466, 36.46565877895496 ], [ 127.138900203509451, 36.466039522778154 ] ] ] } },
{ "type": "Feature", "properties": { "type": "path", "memo": null, "id": "w_0046" }, "geometry": { "type": "MultiLineString", "coordinates": [ [ [ 127.139273542849466, 36.46565877895496 ], [ 127.138890734758093, 36.465807813188455 ] ] ] } },
{ "type": "Feature", "properties": { "type": "path", "memo": null, "id": "w_0047" }, "geometry": { "type": "MultiLineString", "coordinates": [ [ [ 127.139165793531376, 36.466433794634277 ], [ 127.138706220919957, 36.466639394475685 ] ] ] } },
{ "type": "Feature", "properties": { "type": "crosswalk", "memo": null, "id": "w_0048" }, "geometry": { "type": "MultiLineString", "coordinates": [ [ [ 127.138314042709638, 36.466679621453203 ], [ 127.138388172324582, 36.46678013214801 ] ] ] } },
{ "type": "Feature", "properties": { "type": "path", "memo": null, "id": "w_0049" }, "geometry": { "type": "MultiLineString", "coordinates": [ [ [ 127.138706220919957, 36.466639394475685 ], [ 127.138557088085747, 36.46671037524672 ] ] ] } },
{ "type": "Feature", "properties": { "type": "path", "memo": null, "id": "w_0050" }, "geometry": { "type": "MultiLineString", "coordinates": [ [ [ 127.138557088085747, 36.46671037524672 ], [ 127.138388172324582, 36.46678013214801 ] ] ] } },
{ "type": "Feature", "properties": { "type": "path", "memo": null, "id": "w_0051" }, "geometry": { "type": "MultiLineString", "coordinates": [ [ [ 127.138557088085747, 36.46671037524672 ], [ 127.138603921527448, 36.466755246191987 ] ] ] } },
{ "type": "Feature", "properties": { "type": "stairs", "memo": null, "id": "w_0052" }, "geometry": { "type": "MultiLineString", "coordinates": [ [ [ 127.138603921527448, 36.466755246191987 ], [ 127.138632094708797, 36.466789231571774 ] ] ] } },
{ "type": "Feature", "properties": { "type": "path", "memo": null, "id": "w_0053" }, "geometry": { "type": "MultiLineString", "coordinates": [ [ [ 127.138632094708797, 36.466789231571774 ], [ 127.138670128503605, 36.466844174570916 ] ] ] } },
{ "type": "Feature", "properties": { "type": "path", "memo": null, "id": "w_0054" }, "geometry": { "type": "MultiLineString", "coordinates": [ [ [ 127.138670128503605, 36.466844174570916 ], [ 127.138713796934695, 36.466831713275575 ] ] ] } },
{ "type": "Feature", "properties": { "type": "path", "memo": null, "id": "w_0055" }, "geometry": { "type": "MultiLineString", "coordinates": [ [ [ 127.138388172324582, 36.46678013214801 ], [ 127.138375718758638, 36.46682265051404 ], [ 127.138382057724414, 36.466853803752322 ], [ 127.138395439985544, 36.466884956978085 ], [ 127.138418682860163, 36.466900250375247 ], [ 127.138458829643582, 36.466913844503502 ], [ 127.138460238302628, 36.466914410925469 ], [ 127.138531375585515, 36.466924040098142 ], [ 127.138772960615483, 36.46696368962013 ] ] ] } },
{ "type": "Feature", "properties": { "type": "path", "memo": null, "id": "w_0056" }, "geometry": { "type": "MultiLineString", "coordinates": [ [ [ 127.138772960615483, 36.46696368962013 ], [ 127.138790568853835, 36.466930837160518 ] ] ] } },
{ "type": "Feature", "properties": { "type": "path", "memo": null, "id": "w_0057" }, "geometry": { "type": "MultiLineString", "coordinates": [ [ [ 127.138790568853835, 36.466930837160518 ], [ 127.13898566813458, 36.466988328955708 ] ] ] } },
{ "type": "Feature", "properties": { "type": "path", "memo": null, "id": "w_0058" }, "geometry": { "type": "MultiLineString", "coordinates": [ [ [ 127.138772960615483, 36.46696368962013 ], [ 127.13898566813458, 36.466988328955708 ] ] ] } },
{ "type": "Feature", "properties": { "type": "crosswalk", "memo": null, "id": "w_0059" }, "geometry": { "type": "MultiLineString", "coordinates": [ [ [ 127.13898566813458, 36.466988328955708 ], [ 127.139087091587342, 36.467017782863834 ] ] ] } },
{ "type": "Feature", "properties": { "type": "path", "memo": null, "id": "w_0060" }, "geometry": { "type": "MultiLineString", "coordinates": [ [ [ 127.13898566813458, 36.466988328955708 ], [ 127.139313885697121, 36.466859184764942 ], [ 127.139349102173739, 36.466801409662601 ] ] ] } },
{ "type": "Feature", "properties": { "type": "path", "memo": null, "id": "w_0061" }, "geometry": { "type": "MultiLineString", "coordinates": [ [ [ 127.139349102173739, 36.466801409662601 ], [ 127.139563218351924, 36.466705117729653 ], [ 127.139312477038018, 36.466372060003984 ], [ 127.139289056384101, 36.466376275533435 ] ] ] } },
{ "type": "Feature", "properties": { "type": "path", "memo": null, "id": "w_0062" }, "geometry": { "type": "MultiLineString", "coordinates": [ [ [ 127.139349102173739, 36.466801409662601 ], [ 127.139233592130324, 36.466586168706165 ] ] ] } },
{ "type": "Feature", "properties": { "type": "crosswalk", "memo": null, "id": "w_0063" }, "geometry": { "type": "MultiLineString", "coordinates": [ [ [ 127.138772960615483, 36.46696368962013 ], [ 127.138749013411328, 36.467044971076753 ] ] ] } },
{ "type": "Feature", "properties": { "type": "path", "memo": null, "id": "w_0064" }, "geometry": { "type": "MultiLineString", "coordinates": [ [ [ 127.139087091587342, 36.467017782863834 ], [ 127.139373049377951, 36.467068760755261 ] ] ] } },
{ "type": "Feature", "properties": { "type": "stairs", "memo": null, "id": "w_0065" }, "geometry": { "type": "MultiLineString", "coordinates": [ [ [ 127.139373049377951, 36.467068760755261 ], [ 127.139278669220431, 36.466932819636909 ] ] ] } },
{ "type": "Feature", "properties": { "type": "path", "memo": null, "id": "w_0066" }, "geometry": { "type": "MultiLineString", "coordinates": [ [ [ 127.139278669220431, 36.466932819636909 ], [ 127.13898566813458, 36.466988328955708 ] ] ] } },
{ "type": "Feature", "properties": { "type": "crosswalk", "memo": null, "id": "w_0067" }, "geometry": { "type": "MultiLineString", "coordinates": [ [ [ 127.139373049377951, 36.467068760755261 ], [ 127.139433621717785, 36.467188841878212 ] ] ] } },
{ "type": "Feature", "properties": { "type": "path", "memo": null, "id": "w_0068" }, "geometry": { "type": "MultiLineString", "coordinates": [ [ [ 127.138749013411328, 36.467044971076753 ], [ 127.139433621717785, 36.467188841878212 ] ] ] } },
{ "type": "Feature", "properties": { "type": "path", "memo": null, "id": "w_0069" }, "geometry": { "type": "MultiLineString", "coordinates": [ [ [ 127.140341854651027, 36.467676527923331 ], [ 127.140565831442643, 36.467810202075945 ] ] ] } },
{ "type": "Feature", "properties": { "type": "path", "memo": null, "id": "w_0070" }, "geometry": { "type": "MultiLineString", "coordinates": [ [ [ 127.140308046833439, 36.467934813366526 ], [ 127.140612317191867, 36.46787817189567 ] ] ] } },
{ "type": "Feature", "properties": { "type": "crosswalk", "memo": null, "id": "w_0071" }, "geometry": { "type": "MultiLineString", "coordinates": [ [ [ 127.140565831442643, 36.467810202075945 ], [ 127.140612317191867, 36.46787817189567 ] ] ] } },
{ "type": "Feature", "properties": { "type": "path", "memo": null, "id": "w_0072" }, "geometry": { "type": "MultiLineString", "coordinates": [ [ [ 127.139897070550717, 36.467978993685122 ], [ 127.140121330254644, 36.46798016895967 ] ] ] } },
{ "type": "Feature", "properties": { "type": "crosswalk", "memo": null, "id": "w_0073" }, "geometry": { "type": "MultiLineString", "coordinates": [ [ [ 127.140121330254644, 36.46798016895967 ], [ 127.140103662901637, 36.467902025505282 ] ] ] } },
{ "type": "Feature", "properties": { "type": "path", "memo": null, "id": "w_0074" }, "geometry": { "type": "MultiLineString", "coordinates": [ [ [ 127.140121330254644, 36.46798016895967 ], [ 127.140308046833439, 36.467934813366526 ] ] ] } },
{ "type": "Feature", "properties": { "type": "path", "memo": null, "id": "w_0075" }, "geometry": { "type": "MultiLineString", "coordinates": [ [ [ 127.140308046833439, 36.467934813366526 ], [ 127.140421675255539, 36.468350994096589 ] ] ] } },
{ "type": "Feature", "properties": { "type": "path", "memo": null, "id": "w_0076" }, "geometry": { "type": "MultiLineString", "coordinates": [ [ [ 127.140612317191867, 36.46787817189567 ], [ 127.140992330757214, 36.467811094841053 ], [ 127.141045332816176, 36.467833827517111 ], [ 127.141230840022615, 36.468102356748631 ], [ 127.141235036018969, 36.468110526274167 ] ] ] } },
{ "type": "Feature", "properties": { "type": "crosswalk", "memo": null, "id": "w_0077" }, "geometry": { "type": "MultiLineString", "coordinates": [ [ [ 127.141235036018969, 36.468110526274167 ], [ 127.141274680356403, 36.46817014753956 ] ] ] } },
{ "type": "Feature", "properties": { "type": "path", "memo": null, "id": "w_0078" }, "geometry": { "type": "MultiLineString", "coordinates": [ [ [ 127.141274680356403, 36.46817014753956 ], [ 127.141304868703727, 36.468213372575825 ] ] ] } },
{ "type": "Feature", "properties": { "type": "crosswalk", "memo": null, "id": "w_0079" }, "geometry": { "type": "MultiLineString", "coordinates": [ [ [ 127.141304868703727, 36.468213372575825 ], [ 127.141390279637477, 36.468177845150521 ] ] ] } },
{ "type": "Feature", "properties": { "type": "path", "memo": null, "id": "w_0080" }, "geometry": { "type": "MultiLineString", "coordinates": [ [ [ 127.141390279637477, 36.468177845150521 ], [ 127.141495570702403, 36.468335942068144 ] ] ] } },
{ "type": "Feature", "properties": { "type": "path", "memo": null, "id": "w_0081" }, "geometry": { "type": "MultiLineString", "coordinates": [ [ [ 127.141304868703727, 36.468213372575825 ], [ 127.141399851552492, 36.468360811216854 ] ] ] } },
{ "type": "Feature", "properties": { "type": "crosswalk", "memo": null, "id": "w_0082" }, "geometry": { "type": "MultiLineString", "coordinates": [ [ [ 127.141399851552492, 36.468360811216854 ], [ 127.141495570702403, 36.468335942068144 ] ] ] } },
{ "type": "Feature", "properties": { "type": "path", "memo": null, "id": "w_0083" }, "geometry": { "type": "MultiLineString", "coordinates": [ [ [ 127.141399851552492, 36.468360811216854 ], [ 127.141420467984744, 36.468399891291533 ] ] ] } },
{ "type": "Feature", "properties": { "type": "path", "memo": null, "id": "w_0084" }, "geometry": { "type": "MultiLineString", "coordinates": [ [ [ 127.141420467984744, 36.468399891291533 ], [ 127.14152796795311, 36.468613647109102 ] ] ] } },
{ "type": "Feature", "properties": { "type": "path", "memo": null, "id": "w_0085" }, "geometry": { "type": "MultiLineString", "coordinates": [ [ [ 127.141616324091487, 36.468948194504677 ], [ 127.14152796795311, 36.468613647109102 ] ] ] } },
{ "type": "Feature", "properties": { "type": "crosswalk", "memo": null, "id": "w_0086" }, "geometry": { "type": "MultiLineString", "coordinates": [ [ [ 127.141616324091487, 36.468948194504677 ], [ 127.141760639117592, 36.468925101898989 ] ] ] } },
{ "type": "Feature", "properties": { "type": "path", "memo": null, "id": "w_0087" }, "geometry": { "type": "MultiLineString", "coordinates": [ [ [ 127.141760639117592, 36.468925101898989 ], [ 127.141828378823632, 36.468912667416149 ] ] ] } },
{ "type": "Feature", "properties": { "type": "path", "memo": null, "id": "w_0088" }, "geometry": { "type": "MultiLineString", "coordinates": [ [ [ 127.141828378823632, 36.468912667416149 ], [ 127.141861512375584, 36.468915628007487 ] ] ] } },
{ "type": "Feature", "properties": { "type": "crosswalk", "memo": null, "id": "w_0089" }, "geometry": { "type": "MultiLineString", "coordinates": [ [ [ 127.141828378823632, 36.468912667416149 ], [ 127.141860776074381, 36.46907490765453 ] ] ] } },
{ "type": "Feature", "properties": { "type": "crosswalk", "memo": null, "id": "w_0090" }, "geometry": { "type": "MultiLineString", "coordinates": [ [ [ 127.141861512375584, 36.468915628007487 ], [ 127.14203159794198, 36.468897272339404 ] ] ] } },
{ "type": "Feature", "properties": { "type": "crosswalk", "memo": null, "id": "w_0091" }, "geometry": { "type": "MultiLineString", "coordinates": [ [ [ 127.14203159794198, 36.468897272339404 ], [ 127.142074303408847, 36.469054775672575 ] ] ] } },
{ "type": "Feature", "properties": { "type": "crosswalk", "memo": null, "id": "w_0092" }, "geometry": { "type": "MultiLineString", "coordinates": [ [ [ 127.141860776074381, 36.46907490765453 ], [ 127.142074303408847, 36.469054775672575 ] ] ] } },
{ "type": "Feature", "properties": { "type": "path", "memo": null, "id": "w_0093" }, "geometry": { "type": "MultiLineString", "coordinates": [ [ [ 127.142074303408847, 36.469054775672575 ], [ 127.142119954080414, 36.469031090981275 ], [ 127.142451289599407, 36.468990826989433 ], [ 127.14247337863398, 36.469003853577306 ] ] ] } },
{ "type": "Feature", "properties": { "type": "path", "memo": null, "id": "w_0094" }, "geometry": { "type": "MultiLineString", "coordinates": [ [ [ 127.141495570702403, 36.468335942068144 ], [ 127.141622950801974, 36.468584929256558 ], [ 127.141675964484975, 36.468635851626992 ], [ 127.141718669951885, 36.468775591913626 ] ] ] } },
{ "type": "Feature", "properties": { "type": "path", "memo": null, "id": "w_0095" }, "geometry": { "type": "MultiLineString", "coordinates": [ [ [ 127.141760639117592, 36.468925101898989 ], [ 127.141718669951885, 36.468775591913626 ] ] ] } },
{ "type": "Feature", "properties": { "type": "path", "memo": null, "id": "w_0096" }, "geometry": { "type": "MultiLineString", "coordinates": [ [ [ 127.141718669951885, 36.468775591913626 ], [ 127.142002882197076, 36.4687536834955 ] ] ] } },
{ "type": "Feature", "properties": { "type": "path", "memo": null, "id": "w_0097" }, "geometry": { "type": "MultiLineString", "coordinates": [ [ [ 127.142002882197076, 36.4687536834955 ], [ 127.14216486845082, 36.468724077515226 ], [ 127.142184012280794, 36.468834211704639 ], [ 127.142189902690049, 36.468872107303511 ] ] ] } },
{ "type": "Feature", "properties": { "type": "path", "memo": null, "id": "w_0098" }, "geometry": { "type": "MultiLineString", "coordinates": [ [ [ 127.142189902690049, 36.468872107303511 ], [ 127.142272368419171, 36.468812895422126 ] ] ] } },
{ "type": "Feature", "properties": { "type": "path", "memo": null, "id": "w_0099" }, "geometry": { "type": "MultiLineString", "coordinates": [ [ [ 127.14203159794198, 36.468897272339404 ], [ 127.142189902690049, 36.468872107303511 ] ] ] } },
{ "type": "Feature", "properties": { "type": "stairs", "memo": null, "id": "w_0100" }, "geometry": { "type": "MultiLineString", "coordinates": [ [ [ 127.142272368419171, 36.468812895422126 ], [ 127.142362933461072, 36.468701576962687 ] ] ] } },
{ "type": "Feature", "properties": { "type": "path", "memo": null, "id": "w_0101" }, "geometry": { "type": "MultiLineString", "coordinates": [ [ [ 127.142189902690049, 36.468872107303511 ], [ 127.142649354609702, 36.468790987014557 ] ] ] } },
{ "type": "Feature", "properties": { "type": "path", "memo": null, "id": "w_0102" }, "geometry": { "type": "MultiLineString", "coordinates": [ [ [ 127.142912950422556, 36.468621640736295 ], [ 127.142806923056483, 36.468714011479385 ], [ 127.142649354609702, 36.468790987014557 ] ] ] } },
{ "type": "Feature", "properties": { "type": "crosswalk", "memo": null, "id": "w_0103" }, "geometry": { "type": "MultiLineString", "coordinates": [ [ [ 127.142912950422556, 36.468621640736295 ], [ 127.143053583942788, 36.468708090281197 ] ] ] } },
{ "type": "Feature", "properties": { "type": "path", "memo": null, "id": "w_0104" }, "geometry": { "type": "MultiLineString", "coordinates": [ [ [ 127.142912950422556, 36.468621640736295 ], [ 127.142990262043611, 36.468552954727748 ] ] ] } },
{ "type": "Feature", "properties": { "type": "crosswalk", "memo": null, "id": "w_0105" }, "geometry": { "type": "MultiLineString", "coordinates": [ [ [ 127.142990262043611, 36.468552954727748 ], [ 127.143062419556642, 36.468480715928969 ] ] ] } },
{ "type": "Feature", "properties": { "type": "path", "memo": null, "id": "w_0106" }, "geometry": { "type": "MultiLineString", "coordinates": [ [ [ 127.143062419556642, 36.468480715928969 ], [ 127.143273001686481, 36.468298342268653 ], [ 127.143284782504963, 36.46824386693622 ] ] ] } },
{ "type": "Feature", "properties": { "type": "path", "memo": null, "id": "w_0107" }, "geometry": { "type": "MultiLineString", "coordinates": [ [ [ 127.143053583942788, 36.468708090281197 ], [ 127.143122796251191, 36.468642957071395 ] ] ] } },
{ "type": "Feature", "properties": { "type": "crosswalk", "memo": null, "id": "w_0108" }, "geometry": { "type": "MultiLineString", "coordinates": [ [ [ 127.143122796251191, 36.468642957071395 ], [ 127.143202316775756, 36.468570718356503 ] ] ] } },
{ "type": "Feature", "properties": { "type": "path", "memo": null, "id": "w_0109" }, "geometry": { "type": "MultiLineString", "coordinates": [ [ [ 127.143202316775756, 36.468570718356503 ], [ 127.143259011964574, 36.468520980185794 ] ] ] } },
{ "type": "Feature", "properties": { "type": "path", "memo": null, "id": "w_0110" }, "geometry": { "type": "MultiLineString", "coordinates": [ [ [ 127.143259011964574, 36.468520980185794 ], [ 127.143425416025238, 36.46836347576803 ] ] ] } },
{ "type": "Feature", "properties": { "type": "path", "memo": null, "id": "w_0111" }, "geometry": { "type": "MultiLineString", "coordinates": [ [ [ 127.143653669382786, 36.468785065822232 ], [ 127.143836272068782, 36.468596771671265 ] ] ] } },
{ "type": "Feature", "properties": { "type": "path", "memo": null, "id": "w_0112" }, "geometry": { "type": "MultiLineString", "coordinates": [ [ [ 127.143836272068782, 36.468596771671265 ], [ 127.143425416025238, 36.46836347576803 ] ] ] } },
{ "type": "Feature", "properties": { "type": "path", "memo": null, "id": "w_0113" }, "geometry": { "type": "MultiLineString", "coordinates": [ [ [ 127.143053583942788, 36.468708090281197 ], [ 127.143163292814677, 36.468794539729714 ], [ 127.14331202564766, 36.468896384161795 ], [ 127.143338532489182, 36.468910595002136 ], [ 127.143428361229894, 36.468882173318846 ] ] ] } },
{ "type": "Feature", "properties": { "type": "path", "memo": null, "id": "w_0114" }, "geometry": { "type": "MultiLineString", "coordinates": [ [ [ 127.143053583942788, 36.468708090281197 ], [ 127.142865827148697, 36.468854935862559 ], [ 127.142700895690368, 36.468931911257805 ] ] ] } },
{ "type": "Feature", "properties": { "type": "crosswalk", "memo": null, "id": "w_0115" }, "geometry": { "type": "MultiLineString", "coordinates": [ [ [ 127.142700895690368, 36.468931911257805 ], [ 127.142649354609702, 36.468790987014557 ] ] ] } },
{ "type": "Feature", "properties": { "type": "path", "memo": null, "id": "w_0116" }, "geometry": { "type": "MultiLineString", "coordinates": [ [ [ 127.142700895690368, 36.468931911257805 ], [ 127.142639046393569, 36.468978096458265 ] ] ] } },
{ "type": "Feature", "properties": { "type": "crosswalk", "memo": null, "id": "w_0117" }, "geometry": { "type": "MultiLineString", "coordinates": [ [ [ 127.14247337863398, 36.469003853577306 ], [ 127.142639046393569, 36.468978096458265 ] ] ] } },
{ "type": "Feature", "properties": { "type": "path", "memo": null, "id": "w_0118" }, "geometry": { "type": "MultiLineString", "coordinates": [ [ [ 127.142639046393569, 36.468978096458265 ], [ 127.142614748455415, 36.469030794922567 ], [ 127.142630947080818, 36.469125533644785 ], [ 127.142658926524646, 36.469135007510651 ], [ 127.142712676508836, 36.469135007510644 ] ] ] } },
{ "type": "Feature", "properties": { "type": "path", "memo": null, "id": "w_0119" }, "geometry": { "type": "MultiLineString", "coordinates": [ [ [ 127.14247337863398, 36.469003853577306 ], [ 127.142506512185875, 36.469051519027943 ], [ 127.14251976560665, 36.469178824125137 ] ] ] } },
{ "type": "Feature", "properties": { "type": "crosswalk", "memo": null, "id": "w_0120" }, "geometry": { "type": "MultiLineString", "coordinates": [ [ [ 127.14251976560665, 36.469178824125137 ], [ 127.142712676508836, 36.469135007510644 ] ] ] } },
{ "type": "Feature", "properties": { "type": "crosswalk", "memo": null, "id": "w_0121" }, "geometry": { "type": "MultiLineString", "coordinates": [ [ [ 127.142719303219195, 36.469211390511738 ], [ 127.14251976560665, 36.469178824125137 ] ] ] } },
{ "type": "Feature", "properties": { "type": "path", "memo": null, "id": "w_0122" }, "geometry": { "type": "MultiLineString", "coordinates": [ [ [ 127.142712676508836, 36.469135007510644 ], [ 127.142819440176083, 36.469128494227988 ] ] ] } },
{ "type": "Feature", "properties": { "type": "path", "memo": null, "id": "w_0123" }, "geometry": { "type": "MultiLineString", "coordinates": [ [ [ 127.142819440176083, 36.469128494227988 ], [ 127.142802505249577, 36.46898401763579 ], [ 127.142827539488778, 36.468966846219622 ], [ 127.142895279194889, 36.468969806808907 ], [ 127.142958601094065, 36.468963885630259 ], [ 127.143059474352015, 36.468960925040776 ], [ 127.143136049671952, 36.468961517158682 ], [ 127.143210416088408, 36.468955595979395 ], [ 127.143372402342138, 36.468999412695311 ], [ 127.143500518742798, 36.469043229386465 ], [ 127.143521135175106, 36.469076980064109 ], [ 127.143511563260091, 36.469204285119496 ] ] ] } },
{ "type": "Feature", "properties": { "type": "path", "memo": null, "id": "w_0124" }, "geometry": { "type": "MultiLineString", "coordinates": [ [ [ 127.143511563260091, 36.469204285119496 ], [ 127.143446768758608, 36.469139152326591 ], [ 127.143286255107171, 36.469122573061462 ], [ 127.143212624991833, 36.46913323116086 ] ] ] } },
{ "type": "Feature", "properties": { "type": "path", "memo": null, "id": "w_0125" }, "geometry": { "type": "MultiLineString", "coordinates": [ [ [ 127.142819440176083, 36.469128494227988 ], [ 127.142993207248153, 36.469166389682989 ] ] ] } },
{ "type": "Feature", "properties": { "type": "path", "memo": null, "id": "w_0126" }, "geometry": { "type": "MultiLineString", "coordinates": [ [ [ 127.14251976560665, 36.469178824125137 ], [ 127.142545536146912, 36.469430473120752 ] ] ] } },
{ "type": "Feature", "properties": { "type": "crosswalk", "memo": null, "id": "w_0127" }, "geometry": { "type": "MultiLineString", "coordinates": [ [ [ 127.142545536146912, 36.469430473120752 ], [ 127.142550690254978, 36.469597449179908 ] ] ] } },
{ "type": "Feature", "properties": { "type": "path", "memo": null, "id": "w_0128" }, "geometry": { "type": "MultiLineString", "coordinates": [ [ [ 127.142545536146912, 36.469430473120752 ], [ 127.14219432049677, 36.469489684530394 ] ] ] } },
{ "type": "Feature", "properties": { "type": "crosswalk", "memo": null, "id": "w_0129" }, "geometry": { "type": "MultiLineString", "coordinates": [ [ [ 127.14219432049677, 36.469489684530394 ], [ 127.142006563702651, 36.469525803468066 ] ] ] } },
{ "type": "Feature", "properties": { "type": "crosswalk", "memo": null, "id": "w_0130" }, "geometry": { "type": "MultiLineString", "coordinates": [ [ [ 127.142074303408847, 36.469054775672575 ], [ 127.142085347926027, 36.469121980944777 ] ] ] } },
{ "type": "Feature", "properties": { "type": "path", "memo": null, "id": "w_0131" }, "geometry": { "type": "MultiLineString", "coordinates": [ [ [ 127.141860776074381, 36.46907490765453 ], [ 127.141909371950419, 36.469120796711408 ] ] ] } },
{ "type": "Feature", "properties": { "type": "path", "memo": null, "id": "w_0132" }, "geometry": { "type": "MultiLineString", "coordinates": [ [ [ 127.142085347926027, 36.469121980944777 ], [ 127.14219432049677, 36.469489684530394 ] ] ] } },
{ "type": "Feature", "properties": { "type": "path", "memo": null, "id": "w_0133" }, "geometry": { "type": "MultiLineString", "coordinates": [ [ [ 127.142550690254978, 36.469597449179908 ], [ 127.142251751986706, 36.469615212569245 ], [ 127.142214936929051, 36.469666134262894 ] ] ] } },
{ "type": "Feature", "properties": { "type": "path", "memo": null, "id": "w_0134" }, "geometry": { "type": "MultiLineString", "coordinates": [ [ [ 127.14219432049677, 36.469489684530394 ], [ 127.142214936929051, 36.469666134262894 ] ] ] } },
{ "type": "Feature", "properties": { "type": "path", "memo": null, "id": "w_0135" }, "geometry": { "type": "MultiLineString", "coordinates": [ [ [ 127.142006563702651, 36.469525803468066 ], [ 127.142136889006792, 36.469670871162961 ] ] ] } },
{ "type": "Feature", "properties": { "type": "path", "memo": null, "id": "w_0136" }, "geometry": { "type": "MultiLineString", "coordinates": [ [ [ 127.142006563702651, 36.469525803468066 ], [ 127.141503670014899, 36.469625870600922 ] ] ] } },
{ "type": "Feature", "properties": { "type": "path", "memo": null, "id": "w_0137" }, "geometry": { "type": "MultiLineString", "coordinates": [ [ [ 127.142136889006792, 36.469670871162961 ], [ 127.141695108314792, 36.469740740404852 ], [ 127.141515450833381, 36.469717055923127 ] ] ] } },
{ "type": "Feature", "properties": { "type": "crosswalk", "memo": null, "id": "w_0138" }, "geometry": { "type": "MultiLineString", "coordinates": [ [ [ 127.141503670014899, 36.469625870600922 ], [ 127.141515450833381, 36.469717055923127 ] ] ] } },
{ "type": "Feature", "properties": { "type": "path", "memo": null, "id": "w_0139" }, "geometry": { "type": "MultiLineString", "coordinates": [ [ [ 127.141503670014899, 36.469625870600922 ], [ 127.140952916752141, 36.469719424371654 ] ] ] } },
{ "type": "Feature", "properties": { "type": "path", "memo": null, "id": "w_0140" }, "geometry": { "type": "MultiLineString", "coordinates": [ [ [ 127.140952916752141, 36.469719424371654 ], [ 127.141028755770932, 36.469674423837773 ], [ 127.141006666736303, 36.469598633405937 ], [ 127.14102728316864, 36.469558369708899 ] ] ] } },
{ "type": "Feature", "properties": { "type": "stairs", "memo": null, "id": "w_0141" }, "geometry": { "type": "MultiLineString", "coordinates": [ [ [ 127.14102728316864, 36.469558369708899 ], [ 127.140994885917877, 36.469488500302603 ] ] ] } },
{ "type": "Feature", "properties": { "type": "crosswalk", "memo": null, "id": "w_0142" }, "geometry": { "type": "MultiLineString", "coordinates": [ [ [ 127.140831427061812, 36.469194811262035 ], [ 127.140928618814044, 36.469188890100611 ] ] ] } },
{ "type": "Feature", "properties": { "type": "path", "memo": null, "id": "w_0143" }, "geometry": { "type": "MultiLineString", "coordinates": [ [ [ 127.141116375608206, 36.469171126613546 ], [ 127.14137260840954, 36.469133823277424 ] ] ] } },
{ "type": "Feature", "properties": { "type": "path", "memo": null, "id": "w_0144" }, "geometry": { "type": "MultiLineString", "coordinates": [ [ [ 127.14137260840954, 36.469133823277424 ], [ 127.141860776074381, 36.46907490765453 ] ] ] } },
{ "type": "Feature", "properties": { "type": "crosswalk", "memo": null, "id": "w_0145" }, "geometry": { "type": "MultiLineString", "coordinates": [ [ [ 127.14137260840954, 36.469133823277424 ], [ 127.141334320749507, 36.468981057047024 ] ] ] } },
{ "type": "Feature", "properties": { "type": "crosswalk", "memo": null, "id": "w_0146" }, "geometry": { "type": "MultiLineString", "coordinates": [ [ [ 127.141116375608206, 36.469171126613546 ], [ 127.141092813971241, 36.469021321043947 ] ] ] } },
{ "type": "Feature", "properties": { "type": "path", "memo": null, "id": "w_0147" }, "geometry": { "type": "MultiLineString", "coordinates": [ [ [ 127.141616324091487, 36.468948194504677 ], [ 127.141334320749507, 36.468981057047024 ], [ 127.141206204348848, 36.468995267871861 ] ] ] } },
{ "type": "Feature", "properties": { "type": "path", "memo": null, "id": "w_0148" }, "geometry": { "type": "MultiLineString", "coordinates": [ [ [ 127.141206204348848, 36.468995267871861 ], [ 127.141092813971241, 36.469021321043947 ] ] ] } },
{ "type": "Feature", "properties": { "type": "path", "memo": null, "id": "w_0149" }, "geometry": { "type": "MultiLineString", "coordinates": [ [ [ 127.140421675255539, 36.468350994096589 ], [ 127.141274680356403, 36.46817014753956 ] ] ] } },
{ "type": "Feature", "properties": { "type": "path", "memo": null, "id": "w_0150" }, "geometry": { "type": "MultiLineString", "coordinates": [ [ [ 127.140421675255539, 36.468350994096589 ], [ 127.140289509412909, 36.468378278828347 ] ] ] } },
{ "type": "Feature", "properties": { "type": "path", "memo": null, "id": "w_0151" }, "geometry": { "type": "MultiLineString", "coordinates": [ [ [ 127.140289509412909, 36.468378278828347 ], [ 127.140352831312029, 36.468601508636581 ] ] ] } },
{ "type": "Feature", "properties": { "type": "path", "memo": null, "id": "w_0152" }, "geometry": { "type": "MultiLineString", "coordinates": [ [ [ 127.140352831312029, 36.468601508636581 ], [ 127.140419098415833, 36.468819408731228 ] ] ] } },
{ "type": "Feature", "properties": { "type": "path", "memo": null, "id": "w_0153" }, "geometry": { "type": "MultiLineString", "coordinates": [ [ [ 127.140419098415833, 36.468819408731228 ], [ 127.140357249118864, 36.469015399869242 ] ] ] } },
{ "type": "Feature", "properties": { "type": "path", "memo": null, "id": "w_0154" }, "geometry": { "type": "MultiLineString", "coordinates": [ [ [ 127.140289509412909, 36.468378278828347 ], [ 127.140008242372176, 36.468426832846667 ] ] ] } },
{ "type": "Feature", "properties": { "type": "path", "memo": null, "id": "w_0155" }, "geometry": { "type": "MultiLineString", "coordinates": [ [ [ 127.139897070550717, 36.467978993685122 ], [ 127.140008242372176, 36.468426832846667 ] ] ] } },
{ "type": "Feature", "properties": { "type": "path", "memo": null, "id": "w_0156" }, "geometry": { "type": "MultiLineString", "coordinates": [ [ [ 127.140008242372176, 36.468426832846667 ], [ 127.140028122503253, 36.468456438940457 ] ] ] } },
{ "type": "Feature", "properties": { "type": "stairs", "memo": null, "id": "w_0157" }, "geometry": { "type": "MultiLineString", "coordinates": [ [ [ 127.140028122503253, 36.468456438940457 ], [ 127.140042848526278, 36.468499071695661 ] ] ] } },
{ "type": "Feature", "properties": { "type": "path", "memo": null, "id": "w_0158" }, "geometry": { "type": "MultiLineString", "coordinates": [ [ [ 127.140042848526278, 36.468499071695661 ], [ 127.140138567676203, 36.468752499256453 ], [ 127.140050211537826, 36.468836580180053 ], [ 127.140100280016284, 36.469040268799972 ] ] ] } },
{ "type": "Feature", "properties": { "type": "path", "memo": null, "id": "w_0159" }, "geometry": { "type": "MultiLineString", "coordinates": [ [ [ 127.140419098415833, 36.468819408731228 ], [ 127.140455177172129, 36.468928950667049 ], [ 127.140564149742858, 36.469039084565374 ] ] ] } },
{ "type": "Feature", "properties": { "type": "path", "memo": null, "id": "w_0160" }, "geometry": { "type": "MultiLineString", "coordinates": [ [ [ 127.140357249118864, 36.469015399869242 ], [ 127.140564149742858, 36.469039084565374 ] ] ] } },
{ "type": "Feature", "properties": { "type": "crosswalk", "memo": null, "id": "w_0161" }, "geometry": { "type": "MultiLineString", "coordinates": [ [ [ 127.140564149742858, 36.469039084565374 ], [ 127.140543533310563, 36.469182376822509 ] ] ] } },
{ "type": "Feature", "properties": { "type": "path", "memo": null, "id": "w_0162" }, "geometry": { "type": "MultiLineString", "coordinates": [ [ [ 127.140357249118864, 36.469015399869242 ], [ 127.140241649837662, 36.469016584104253 ] ] ] } },
{ "type": "Feature", "properties": { "type": "path", "memo": null, "id": "w_0163" }, "geometry": { "type": "MultiLineString", "coordinates": [ [ [ 127.140241649837662, 36.469016584104253 ], [ 127.140100280016284, 36.469040268799972 ] ] ] } },
{ "type": "Feature", "properties": { "type": "crosswalk", "memo": null, "id": "w_0164" }, "geometry": { "type": "MultiLineString", "coordinates": [ [ [ 127.140241649837662, 36.469016584104253 ], [ 127.140229869019237, 36.46918119259005 ] ] ] } },
{ "type": "Feature", "properties": { "type": "crosswalk", "memo": null, "id": "w_0165" }, "geometry": { "type": "MultiLineString", "coordinates": [ [ [ 127.140229869019237, 36.46918119259005 ], [ 127.13998983484322, 36.469200140306981 ] ] ] } },
{ "type": "Feature", "properties": { "type": "path", "memo": null, "id": "w_0166" }, "geometry": { "type": "MultiLineString", "coordinates": [ [ [ 127.140229869019237, 36.46918119259005 ], [ 127.140543533310563, 36.469182376822509 ] ] ] } },
{ "type": "Feature", "properties": { "type": "path", "memo": null, "id": "w_0167" }, "geometry": { "type": "MultiLineString", "coordinates": [ [ [ 127.140831427061812, 36.469194811262035 ], [ 127.140543533310563, 36.469182376822509 ] ] ] } },
{ "type": "Feature", "properties": { "type": "path", "memo": null, "id": "w_0168" }, "geometry": { "type": "MultiLineString", "coordinates": [ [ [ 127.140831427061812, 36.469194811262035 ], [ 127.140789457895778, 36.469229153989581 ] ] ] } },
{ "type": "Feature", "properties": { "type": "stairs", "memo": null, "id": "w_0169" }, "geometry": { "type": "MultiLineString", "coordinates": [ [ [ 127.140789457895778, 36.469229153989581 ], [ 127.140609800414367, 36.469267641510946 ] ] ] } },
{ "type": "Feature", "properties": { "type": "path", "memo": null, "id": "w_0170" }, "geometry": { "type": "MultiLineString", "coordinates": [ [ [ 127.140543533310563, 36.469182376822509 ], [ 127.140534697696651, 36.469289549783831 ] ] ] } },
{ "type": "Feature", "properties": { "type": "path", "memo": null, "id": "w_0171" }, "geometry": { "type": "MultiLineString", "coordinates": [ [ [ 127.140210357038626, 36.469220272251164 ], [ 127.140416521361558, 36.469317379202586 ], [ 127.140534697696651, 36.469289549783831 ] ] ] } },
{ "type": "Feature", "properties": { "type": "path", "memo": null, "id": "w_0172" }, "geometry": { "type": "MultiLineString", "coordinates": [ [ [ 127.140534697696651, 36.469289549783831 ], [ 127.14023391867552, 36.469380143386957 ] ] ] } },
{ "type": "Feature", "properties": { "type": "path", "memo": null, "id": "w_0173" }, "geometry": { "type": "MultiLineString", "coordinates": [ [ [ 127.140210357038626, 36.469220272251164 ], [ 127.140183850197118, 36.469281852283267 ], [ 127.14023391867552, 36.469380143386957 ] ] ] } },
{ "type": "Feature", "properties": { "type": "path", "memo": null, "id": "w_0174" }, "geometry": { "type": "MultiLineString", "coordinates": [ [ [ 127.14023391867552, 36.469380143386957 ], [ 127.140387069315437, 36.469830741369435 ] ] ] } },
{ "type": "Feature", "properties": { "type": "path", "memo": null, "id": "w_0175" }, "geometry": { "type": "MultiLineString", "coordinates": [ [ [ 127.13998983484322, 36.469200140306974 ], [ 127.14005573379643, 36.469239812074377 ], [ 127.140091076251778, 36.469365340517896 ] ] ] } },
{ "type": "Feature", "properties": { "type": "path", "memo": null, "id": "w_0176" }, "geometry": { "type": "MultiLineString", "coordinates": [ [ [ 127.140091076251778, 36.469365340517896 ], [ 127.140052788591802, 36.469387840877779 ] ] ] } },
{ "type": "Feature", "properties": { "type": "crosswalk", "memo": null, "id": "w_0177" }, "geometry": { "type": "MultiLineString", "coordinates": [ [ [ 127.140080768035659, 36.46948376339148 ], [ 127.139920254384222, 36.469506263717001 ] ] ] } },
{ "type": "Feature", "properties": { "type": "path", "memo": null, "id": "w_0178" }, "geometry": { "type": "MultiLineString", "coordinates": [ [ [ 127.140080768035659, 36.46948376339148 ], [ 127.140136726923259, 36.469479026479995 ], [ 127.140226555663972, 36.469689818760223 ] ] ] } },
{ "type": "Feature", "properties": { "type": "crosswalk", "memo": null, "id": "w_0179" }, "geometry": { "type": "MultiLineString", "coordinates": [ [ [ 127.140226555663972, 36.469689818760223 ], [ 127.140253062505451, 36.469763240655823 ] ] ] } },
{ "type": "Feature", "properties": { "type": "path", "memo": null, "id": "w_0180" }, "geometry": { "type": "MultiLineString", "coordinates": [ [ [ 127.140226555663972, 36.469689818760223 ], [ 127.140204466629299, 36.469702845230657 ], [ 127.140099175564387, 36.469685673973736 ] ] ] } },
{ "type": "Feature", "properties": { "type": "path", "memo": null, "id": "w_0181" }, "geometry": { "type": "MultiLineString", "coordinates": [ [ [ 127.140253062505451, 36.469763240655823 ], [ 127.140291350165413, 36.469876926034388 ] ] ] } },
{ "type": "Feature", "properties": { "type": "crosswalk", "memo": null, "id": "w_0182" }, "geometry": { "type": "MultiLineString", "coordinates": [ [ [ 127.140291350165413, 36.469876926034388 ], [ 127.140387069315437, 36.469830741369435 ] ] ] } },
{ "type": "Feature", "properties": { "type": "crosswalk", "memo": null, "id": "w_0183" }, "geometry": { "type": "MultiLineString", "coordinates": [ [ [ 127.140387069315437, 36.469830741369435 ], [ 127.140432719986848, 36.469938505544818 ] ] ] } },
{ "type": "Feature", "properties": { "type": "path", "memo": null, "id": "w_0184" }, "geometry": { "type": "MultiLineString", "coordinates": [ [ [ 127.140387069315437, 36.469830741369435 ], [ 127.140506350102143, 36.469833109814473 ] ] ] } },
{ "type": "Feature", "properties": { "type": "crosswalk", "memo": null, "id": "w_0185" }, "geometry": { "type": "MultiLineString", "coordinates": [ [ [ 127.140506350102143, 36.469833109814473 ], [ 127.140640356912044, 36.469839623037913 ] ] ] } },
{ "type": "Feature", "properties": { "type": "crosswalk", "memo": null, "id": "w_0186" }, "geometry": { "type": "MultiLineString", "coordinates": [ [ [ 127.140432719986848, 36.469938505544818 ], [ 127.140315648103467, 36.469961005738334 ] ] ] } },
{ "type": "Feature", "properties": { "type": "path", "memo": null, "id": "w_0187" }, "geometry": { "type": "MultiLineString", "coordinates": [ [ [ 127.140100280016284, 36.469040268799972 ], [ 127.139614689405462, 36.469131454811055 ] ] ] } },
{ "type": "Feature", "properties": { "type": "crosswalk", "memo": null, "id": "w_0188" }, "geometry": { "type": "MultiLineString", "coordinates": [ [ [ 127.139614689405462, 36.469131454811055 ], [ 127.139660340076972, 36.469264088817496 ] ] ] } },
{ "type": "Feature", "properties": { "type": "path", "memo": null, "id": "w_0189" }, "geometry": { "type": "MultiLineString", "coordinates": [ [ [ 127.13998983484322, 36.469200140306974 ], [ 127.139942343418696, 36.469225009178452 ], [ 127.139858405087224, 36.469243956884696 ], [ 127.139785511273061, 36.469275931128465 ], [ 127.13967359349769, 36.469293102476151 ] ] ] } },
{ "type": "Feature", "properties": { "type": "stais", "memo": null, "id": "w_0190" }, "geometry": { "type": "MultiLineString", "coordinates": [ [ [ 127.139660340076972, 36.469264088817496 ], [ 127.139666598636708, 36.469277411417202 ] ] ] } },
{ "type": "Feature", "properties": { "type": "path", "memo": null, "id": "w_0191" }, "geometry": { "type": "MultiLineString", "coordinates": [ [ [ 127.139666598636708, 36.469277411417202 ], [ 127.13967359349769, 36.469293102476151 ] ] ] } },
{ "type": "Feature", "properties": { "type": "path", "memo": null, "id": "w_0192" }, "geometry": { "type": "MultiLineString", "coordinates": [ [ [ 127.139614689405462, 36.469131454811055 ], [ 127.139121735783249, 36.469233890916342 ] ] ] } },
{ "type": "Feature", "properties": { "type": "crosswalk", "memo": null, "id": "w_0193" }, "geometry": { "type": "MultiLineString", "coordinates": [ [ [ 127.139121735783249, 36.469233890916342 ], [ 127.139163704948984, 36.469351721875817 ] ] ] } },
{ "type": "Feature", "properties": { "type": "path", "memo": null, "id": "w_0194" }, "geometry": { "type": "MultiLineString", "coordinates": [ [ [ 127.139121735783249, 36.469233890916342 ], [ 127.138637985925399, 36.469328629390311 ], [ 127.138492198297016, 36.469407972773183 ], [ 127.138403842158638, 36.469489684530373 ], [ 127.138358191487129, 36.469597449179872 ], [ 127.138319903827153, 36.469669686937969 ] ] ] } },
{ "type": "Feature", "properties": { "type": "path", "memo": null, "id": "w_0195" }, "geometry": { "type": "MultiLineString", "coordinates": [ [ [ 127.139163704948984, 36.469351721875817 ], [ 127.138879492703694, 36.469396130482387 ] ] ] } },
{ "type": "Feature", "properties": { "type": "crosswalk", "memo": null, "id": "w_0196" }, "geometry": { "type": "MultiLineString", "coordinates": [ [ [ 127.138879492703694, 36.469396130482387 ], [ 127.138643876334626, 36.469486131847063 ] ] ] } },
{ "type": "Feature", "properties": { "type": "path", "memo": null, "id": "w_0197" }, "geometry": { "type": "MultiLineString", "coordinates": [ [ [ 127.138643876334626, 36.469486131847063 ], [ 127.138557729099716, 36.469511592740467 ], [ 127.138491461995883, 36.469659621024903 ] ] ] } },
{ "type": "Feature", "properties": { "type": "crosswalk", "memo": null, "id": "w_0198" }, "geometry": { "type": "MultiLineString", "coordinates": [ [ [ 127.138319903827153, 36.469669686937969 ], [ 127.13819988673913, 36.469760280096828 ] ] ] } },
{ "type": "Feature", "properties": { "type": "crosswalk", "memo": null, "id": "w_0199" }, "geometry": { "type": "MultiLineString", "coordinates": [ [ [ 127.138491461995883, 36.469659621024903 ], [ 127.138428140096721, 36.469875149701579 ] ] ] } },
{ "type": "Feature", "properties": { "type": "path", "memo": null, "id": "w_0200" }, "geometry": { "type": "MultiLineString", "coordinates": [ [ [ 127.138428140096721, 36.469875149701579 ], [ 127.138317694923714, 36.469933176550619 ] ] ] } },
{ "type": "Feature", "properties": { "type": "crosswalk", "memo": null, "id": "w_0201" }, "geometry": { "type": "MultiLineString", "coordinates": [ [ [ 127.138317694923714, 36.469933176550619 ], [ 127.13819988673913, 36.469760280096828 ] ] ] } },
{ "type": "Feature", "properties": { "type": "path", "memo": null, "id": "w_0202" }, "geometry": { "type": "MultiLineString", "coordinates": [ [ [ 127.138428140096721, 36.469875149701579 ], [ 127.138616633191958, 36.469832517703203 ] ] ] } },
{ "type": "Feature", "properties": { "type": "stairs", "memo": null, "id": "w_0203" }, "geometry": { "type": "MultiLineString", "coordinates": [ [ [ 127.138616633191958, 36.469832517703203 ], [ 127.139045160463183, 36.469753174754864 ] ] ] } },
{ "type": "Feature", "properties": { "type": "path", "memo": null, "id": "w_0204" }, "geometry": { "type": "MultiLineString", "coordinates": [ [ [ 127.138643876334626, 36.469486131847063 ], [ 127.138890537221002, 36.469611067778757 ], [ 127.13899656458706, 36.469685673973693 ], [ 127.139045160463183, 36.469753174754864 ] ] ] } },
{ "type": "Feature", "properties": { "type": "crosswalk", "memo": null, "id": "w_0205" }, "geometry": { "type": "MultiLineString", "coordinates": [ [ [ 127.139045160463183, 36.469753174754864 ], [ 127.139168334925529, 36.46971490834666 ] ] ] } },
{ "type": "Feature", "properties": { "type": "path", "memo": null, "id": "w_0206" }, "geometry": { "type": "MultiLineString", "coordinates": [ [ [ 127.139168334925529, 36.46971490834666 ], [ 127.139197574801941, 36.469670871162954 ], [ 127.139319064492241, 36.469641265532999 ] ] ] } },
{ "type": "Feature", "properties": { "type": "crosswalk", "memo": null, "id": "w_0207" }, "geometry": { "type": "MultiLineString", "coordinates": [ [ [ 127.139319064492241, 36.469641265532999 ], [ 127.139304338469103, 36.469560738162265 ] ] ] } },
{ "type": "Feature", "properties": { "type": "path", "memo": null, "id": "w_0208" }, "geometry": { "type": "MultiLineString", "coordinates": [ [ [ 127.139319064492241, 36.469641265532999 ], [ 127.13941551994327, 36.469638304969372 ] ] ] } },
{ "type": "Feature", "properties": { "type": "path", "memo": null, "id": "w_0209" }, "geometry": { "type": "MultiLineString", "coordinates": [ [ [ 127.13941551994327, 36.469638304969372 ], [ 127.139520811008197, 36.469614620456348 ] ] ] } },
{ "type": "Feature", "properties": { "type": "path", "memo": null, "id": "w_0210" }, "geometry": { "type": "MultiLineString", "coordinates": [ [ [ 127.139920254384222, 36.469506263717001 ], [ 127.139628310976576, 36.469585014804892 ] ] ] } },
{ "type": "Feature", "properties": { "type": "path", "memo": null, "id": "w_0211" }, "geometry": { "type": "MultiLineString", "coordinates": [ [ [ 127.139628310976576, 36.469585014804892 ], [ 127.139520811008197, 36.469614620456348 ] ] ] } },
{ "type": "Feature", "properties": { "type": "path", "memo": null, "id": "w_0212" }, "geometry": { "type": "MultiLineString", "coordinates": [ [ [ 127.139920254384222, 36.469506263717001 ], [ 127.139925776642514, 36.469564882955432 ] ] ] } },
{ "type": "Feature", "properties": { "type": "stairs", "memo": null, "id": "w_0213" }, "geometry": { "type": "MultiLineString", "coordinates": [ [ [ 127.139925776642514, 36.469564882955432 ], [ 127.139707831501099, 36.469628831165025 ] ] ] } },
{ "type": "Feature", "properties": { "type": "path", "memo": null, "id": "w_0214" }, "geometry": { "type": "MultiLineString", "coordinates": [ [ [ 127.139707831501099, 36.469628831165025 ], [ 127.13973433834262, 36.469694555658776 ] ] ] } },
{ "type": "Feature", "properties": { "type": "path", "memo": null, "id": "w_0215" }, "geometry": { "type": "MultiLineString", "coordinates": [ [ [ 127.139707831501099, 36.469628831165025 ], [ 127.139618739061547, 36.469671463275439 ] ] ] } },
{ "type": "Feature", "properties": { "type": "path", "memo": null, "id": "w_0216" }, "geometry": { "type": "MultiLineString", "coordinates": [ [ [ 127.139844783515628, 36.469834886148185 ], [ 127.139882334874443, 36.469947979311286 ], [ 127.139886752681377, 36.469959229407486 ], [ 127.140038430718931, 36.469915413234112 ], [ 127.140097334811173, 36.469928439666631 ] ] ] } },
{ "type": "Feature", "properties": { "type": "path", "memo": null, "id": "w_0217" }, "geometry": { "type": "MultiLineString", "coordinates": [ [ [ 127.140097334811173, 36.469928439666631 ], [ 127.140291350165413, 36.469876926034388 ] ] ] } },
{ "type": "Feature", "properties": { "type": "path", "memo": null, "id": "w_0218" }, "geometry": { "type": "MultiLineString", "coordinates": [ [ [ 127.140097334811173, 36.469928439666631 ], [ 127.139790665380758, 36.470010150875176 ] ] ] } },
{ "type": "Feature", "properties": { "type": "path", "memo": null, "id": "w_0219" }, "geometry": { "type": "MultiLineString", "coordinates": [ [ [ 127.139790665380758, 36.470010150875176 ], [ 127.139443131236391, 36.470076467155017 ] ] ] } },
{ "type": "Feature", "properties": { "type": "path", "memo": null, "id": "w_0220" }, "geometry": { "type": "MultiLineString", "coordinates": [ [ [ 127.139443131236391, 36.470076467155017 ], [ 127.13931354223341, 36.470090677779027 ] ] ] } },
{ "type": "Feature", "properties": { "type": "crosswalk", "memo": null, "id": "w_0221" }, "geometry": { "type": "MultiLineString", "coordinates": [ [ [ 127.13931354223341, 36.470090677779027 ], [ 127.139248747731926, 36.47016883616454 ] ] ] } },
{ "type": "Feature", "properties": { "type": "path", "memo": null, "id": "w_0222" }, "geometry": { "type": "MultiLineString", "coordinates": [ [ [ 127.139172172411975, 36.470116730582959 ], [ 127.139172172411975, 36.470116730582959 ], [ 127.139116213524346, 36.469952124083775 ] ] ] } },
{ "type": "Feature", "properties": { "type": "crosswalk", "memo": null, "id": "w_0223" }, "geometry": { "type": "MultiLineString", "coordinates": [ [ [ 127.139116213524346, 36.469952124083775 ], [ 127.139073508057436, 36.469859754815992 ] ] ] } },
{ "type": "Feature", "properties": { "type": "path", "memo": null, "id": "w_0224" }, "geometry": { "type": "MultiLineString", "coordinates": [ [ [ 127.139073508057436, 36.469859754815992 ], [ 127.139045160463183, 36.469753174754864 ] ] ] } },
{ "type": "Feature", "properties": { "type": "path", "memo": null, "id": "w_0225" }, "geometry": { "type": "MultiLineString", "coordinates": [ [ [ 127.139193525145444, 36.469834886148149 ], [ 127.139278936079222, 36.470088901451156 ], [ 127.13931354223341, 36.470090677779027 ] ] ] } },
{ "type": "Feature", "properties": { "type": "path", "memo": null, "id": "w_0226" }, "geometry": { "type": "MultiLineString", "coordinates": [ [ [ 127.139248747731926, 36.47016883616454 ], [ 127.139324586750746, 36.470234560200453 ], [ 127.139342994279588, 36.470300284180631 ] ] ] } },
{ "type": "Feature", "properties": { "type": "path", "memo": null, "id": "w_0227" }, "geometry": { "type": "MultiLineString", "coordinates": [ [ [ 127.141092813971241, 36.469021321043947 ], [ 127.141044218094265, 36.469026650100794 ] ] ] } },
{ "type": "Feature", "properties": { "type": "crosswalk", "memo": null, "id": "w_0228" }, "geometry": { "type": "MultiLineString", "coordinates": [ [ [ 127.141044218094265, 36.469026650100794 ], [ 127.140975005785847, 36.469036123978753 ] ] ] } },
{ "type": "Feature", "properties": { "type": "path", "memo": null, "id": "w_0229" }, "geometry": { "type": "MultiLineString", "coordinates": [ [ [ 127.140975005785847, 36.469036123978753 ], [ 127.140564149742858, 36.469039084565374 ] ] ] } },
{ "type": "Feature", "properties": { "type": "path", "memo": null, "id": "w_0230" }, "geometry": { "type": "MultiLineString", "coordinates": [ [ [ 127.137864051572777, 36.46683264241863 ], [ 127.137780931382693, 36.466983225996437 ], [ 127.137651342379712, 36.467205867690524 ], [ 127.137571821855175, 36.467409560595236 ], [ 127.13758249822186, 36.467495123298185 ], [ 127.137628517043964, 36.46752176910335 ], [ 127.137836890270336, 36.467599634014839 ] ] ] } },
{ "type": "Feature", "properties": { "type": "crosswalk", "memo": null, "id": "w_0231" }, "geometry": { "type": "MultiLineString", "coordinates": [ [ [ 127.137836890270336, 36.467599634014839 ], [ 127.137914938192566, 36.467487129554833 ] ] ] } },
{ "type": "Feature", "properties": { "type": "path", "memo": null, "id": "w_0232" }, "geometry": { "type": "MultiLineString", "coordinates": [ [ [ 127.137836890270336, 36.467599634014839 ], [ 127.137925246408713, 36.467739376169405 ] ] ] } },
{ "type": "Feature", "properties": { "type": "path", "memo": null, "id": "w_0233" }, "geometry": { "type": "MultiLineString", "coordinates": [ [ [ 127.137836890270336, 36.467599634014839 ], [ 127.137779458780358, 36.467864907042596 ] ] ] } },
{ "type": "Feature", "properties": { "type": "path", "memo": null, "id": "w_0234" }, "geometry": { "type": "MultiLineString", "coordinates": [ [ [ 127.137925246408713, 36.467739376169405 ], [ 127.137842780679591, 36.467937146415231 ], [ 127.137646924572749, 36.4682497881698 ], [ 127.137646924572806, 36.46835281756271 ] ] ] } },
{ "type": "Feature", "properties": { "type": "stairs", "memo": null, "id": "w_0235" }, "geometry": { "type": "MultiLineString", "coordinates": [ [ [ 127.137970897080194, 36.466960132805383 ], [ 127.137942917636366, 36.46700868771191 ] ] ] } },
{ "type": "Feature", "properties": { "type": "crosswalk", "memo": null, "id": "w_0236" }, "geometry": { "type": "MultiLineString", "coordinates": [ [ [ 127.13714510280785, 36.466458338823948 ], [ 127.137184527448369, 36.466576429547523 ] ] ] } },
{ "type": "Feature", "properties": { "type": "path", "memo": null, "id": "w_0237" }, "geometry": { "type": "MultiLineString", "coordinates": [ [ [ 127.137184527448369, 36.466576429547523 ], [ 127.137203671278343, 36.466672355540013 ] ] ] } },
{ "type": "Feature", "properties": { "type": "path", "memo": null, "id": "w_0238" }, "geometry": { "type": "MultiLineString", "coordinates": [ [ [ 127.137203671278343, 36.466672355540013 ], [ 127.137241819339451, 36.466741265006419 ] ] ] } },
{ "type": "Feature", "properties": { "type": "path", "memo": null, "id": "w_0239" }, "geometry": { "type": "MultiLineString", "coordinates": [ [ [ 127.137241819339451, 36.466741265006419 ], [ 127.137280246598337, 36.466934078940518 ], [ 127.137358294520595, 36.467201722771144 ], [ 127.137424561624357, 36.467439759206997 ], [ 127.137421616419729, 36.467655294055703 ], [ 127.137418671215102, 36.467750034458938 ] ] ] } },
{ "type": "Feature", "properties": { "type": "path", "memo": null, "id": "w_0240" }, "geometry": { "type": "MultiLineString", "coordinates": [ [ [ 127.137418671215102, 36.467750034458938 ], [ 127.137391059921796, 36.468196497050762 ], [ 127.137391059921796, 36.468419135260355 ], [ 127.137410203751799, 36.468551770485561 ], [ 127.137449964014081, 36.468655983717589 ], [ 127.137589861233238, 36.469042045151767 ], [ 127.137716505031577, 36.469282444398623 ], [ 127.137938867979912, 36.469525211354359 ], [ 127.138096436426693, 36.469688634535423 ] ] ] } },
{ "type": "Feature", "properties": { "type": "path", "memo": null, "id": "w_0241" }, "geometry": { "type": "MultiLineString", "coordinates": [ [ [ 127.13819988673913, 36.469760280096828 ], [ 127.138096436426693, 36.469688634535423 ] ] ] } },
{ "type": "Feature", "properties": { "type": "path", "memo": null, "id": "w_0242" }, "geometry": { "type": "MultiLineString", "coordinates": [ [ [ 127.140952916752141, 36.469719424371654 ], [ 127.140828850006699, 36.46975495109028 ], [ 127.140831795211298, 36.469790477792799 ] ] ] } },
{ "type": "Feature", "properties": { "type": "path", "memo": null, "id": "w_0243" }, "geometry": { "type": "MultiLineString", "coordinates": [ [ [ 127.140831795211298, 36.469790477792799 ], [ 127.14071766853256, 36.46981830703173 ] ] ] } },
{ "type": "Feature", "properties": { "type": "path", "memo": null, "id": "w_0244" }, "geometry": { "type": "MultiLineString", "coordinates": [ [ [ 127.14071766853256, 36.46981830703173 ], [ 127.140640356912044, 36.469839623037913 ] ] ] } },
{ "type": "Feature", "properties": { "type": "stairs", "memo": null, "id": "w_0245" }, "geometry": { "type": "MultiLineString", "coordinates": [ [ [ 127.14071766853256, 36.46981830703173 ], [ 127.140675699366824, 36.469727121828626 ] ] ] } },
{ "type": "Feature", "properties": { "type": "path", "memo": null, "id": "w_0246" }, "geometry": { "type": "MultiLineString", "coordinates": [ [ [ 127.14071766853256, 36.46981830703173 ], [ 127.14076037399947, 36.469873965479579 ] ] ] } },
{ "type": "Feature", "properties": { "type": "path", "memo": null, "id": "w_0247" }, "geometry": { "type": "MultiLineString", "coordinates": [ [ [ 127.140831795211298, 36.469790477792799 ], [ 127.14076037399947, 36.469873965479579 ] ] ] } },
{ "type": "Feature", "properties": { "type": "crosswalk", "memo": null, "id": "w_0248" }, "geometry": { "type": "MultiLineString", "coordinates": [ [ [ 127.14076037399947, 36.469873965479579 ], [ 127.140897326013942, 36.469929623887509 ] ] ] } },
{ "type": "Feature", "properties": { "type": "crosswalk", "memo": null, "id": "w_0249" }, "geometry": { "type": "MultiLineString", "coordinates": [ [ [ 127.140897326013942, 36.469929623887509 ], [ 127.140829586307831, 36.47000600610567 ] ] ] } },
{ "type": "Feature", "properties": { "type": "path", "memo": null, "id": "w_0250" }, "geometry": { "type": "MultiLineString", "coordinates": [ [ [ 127.141080665001141, 36.469988242805819 ], [ 127.140897326013942, 36.469929623887509 ] ] ] } },
{ "type": "Feature", "properties": { "type": "path", "memo": null, "id": "w_0251" }, "geometry": { "type": "MultiLineString", "coordinates": [ [ [ 127.141080665001141, 36.469988242805819 ], [ 127.141411264218945, 36.47013094119945 ], [ 127.141468695708937, 36.470151072901885 ], [ 127.141598284711918, 36.470156993989846 ] ] ] } },
{ "type": "Feature", "properties": { "type": "crosswalk", "memo": null, "id": "w_0252" }, "geometry": { "type": "MultiLineString", "coordinates": [ [ [ 127.141598284711918, 36.470156993989846 ], [ 127.141609329229226, 36.470246402363003 ] ] ] } },
{ "type": "Feature", "properties": { "type": "path", "memo": null, "id": "w_0253" }, "geometry": { "type": "MultiLineString", "coordinates": [ [ [ 127.141598284711918, 36.470156993989846 ], [ 127.14188139250534, 36.470149592629831 ] ] ] } },
{ "type": "Feature", "properties": { "type": "path", "memo": null, "id": "w_0254" }, "geometry": { "type": "MultiLineString", "coordinates": [ [ [ 127.140829586307831, 36.47000600610567 ], [ 127.141088028012533, 36.470100447581402 ] ] ] } },
{ "type": "Feature", "properties": { "type": "crosswalk", "memo": null, "id": "w_0255" }, "geometry": { "type": "MultiLineString", "coordinates": [ [ [ 127.141088028012533, 36.470100447581402 ], [ 127.141080665001141, 36.469988242805819 ] ] ] } },
{ "type": "Feature", "properties": { "type": "path", "memo": null, "id": "w_0256" }, "geometry": { "type": "MultiLineString", "coordinates": [ [ [ 127.141088028012533, 36.470100447581402 ], [ 127.141290878980271, 36.470184823097192 ], [ 127.14150882412163, 36.470400350313568 ], [ 127.141567360063306, 36.470486797874848 ], [ 127.141604175120946, 36.470528245301544 ] ] ] } },
{ "type": "Feature", "properties": { "type": "crosswalk", "memo": null, "id": "w_0257" }, "geometry": { "type": "MultiLineString", "coordinates": [ [ [ 127.141604175120946, 36.470528245301544 ], [ 127.141708729884726, 36.470480876812083 ] ] ] } },
{ "type": "Feature", "properties": { "type": "path", "memo": null, "id": "w_0258" }, "geometry": { "type": "MultiLineString", "coordinates": [ [ [ 127.141604175120946, 36.470528245301544 ], [ 127.141788250409292, 36.470712982133826 ] ] ] } },
{ "type": "Feature", "properties": { "type": "path", "memo": null, "id": "w_0259" }, "geometry": { "type": "MultiLineString", "coordinates": [ [ [ 127.140432719986848, 36.469938505544818 ], [ 127.140576298710869, 36.469921926450503 ], [ 127.140670545258502, 36.469949163531879 ] ] ] } },
{ "type": "Feature", "properties": { "type": "path", "memo": null, "id": "w_0260" }, "geometry": { "type": "MultiLineString", "coordinates": [ [ [ 127.140670545258502, 36.469949163531879 ], [ 127.140829586307831, 36.47000600610567 ] ] ] } },
{ "type": "Feature", "properties": { "type": "path", "memo": null, "id": "w_0261" }, "geometry": { "type": "MultiLineString", "coordinates": [ [ [ 127.140315648103467, 36.469961005738334 ], [ 127.140367925484455, 36.470090677778892 ] ] ] } },
{ "type": "Feature", "properties": { "type": "path", "memo": null, "id": "w_0262" }, "geometry": { "type": "MultiLineString", "coordinates": [ [ [ 127.140367925484455, 36.470090677778892 ], [ 127.140307548789949, 36.470098967308367 ] ] ] } },
{ "type": "Feature", "properties": { "type": "path", "memo": null, "id": "w_0263" }, "geometry": { "type": "MultiLineString", "coordinates": [ [ [ 127.140367925484455, 36.470090677778892 ], [ 127.140406581295025, 36.47015462555472 ], [ 127.140429406630759, 36.470194888942068 ] ] ] } },
{ "type": "Feature", "properties": { "type": "crosswalk", "memo": null, "id": "w_0264" }, "geometry": { "type": "MultiLineString", "coordinates": [ [ [ 127.140429406630759, 36.470194888942068 ], [ 127.140528070985326, 36.470177125685531 ] ] ] } },
{ "type": "Feature", "properties": { "type": "path", "memo": null, "id": "w_0265" }, "geometry": { "type": "MultiLineString", "coordinates": [ [ [ 127.140432719986848, 36.469938505544818 ], [ 127.140498618939191, 36.470095414652995 ] ] ] } },
{ "type": "Feature", "properties": { "type": "path", "memo": null, "id": "w_0266" }, "geometry": { "type": "MultiLineString", "coordinates": [ [ [ 127.140498618939191, 36.470095414652995 ], [ 127.140514817564537, 36.470133901744255 ] ] ] } },
{ "type": "Feature", "properties": { "type": "path", "memo": null, "id": "w_0267" }, "geometry": { "type": "MultiLineString", "coordinates": [ [ [ 127.140514817564537, 36.470133901744255 ], [ 127.140528070985326, 36.470177125685531 ] ] ] } },
{ "type": "Feature", "properties": { "type": "path", "memo": null, "id": "w_0268" }, "geometry": { "type": "MultiLineString", "coordinates": [ [ [ 127.140528070985326, 36.470177125685531 ], [ 127.140563413440645, 36.470417521412188 ], [ 127.140598755895965, 36.470649626923624 ] ] ] } },
{ "type": "Feature", "properties": { "type": "crosswalk", "memo": null, "id": "w_0269" }, "geometry": { "type": "MultiLineString", "coordinates": [ [ [ 127.140661341493995, 36.470673311120386 ], [ 127.140701838057439, 36.470759166273091 ] ] ] } },
{ "type": "Feature", "properties": { "type": "path", "memo": null, "id": "w_0270" }, "geometry": { "type": "MultiLineString", "coordinates": [ [ [ 127.140661341493995, 36.470673311120386 ], [ 127.140816701037352, 36.47068692953026 ] ] ] } },
{ "type": "Feature", "properties": { "type": "path", "memo": null, "id": "w_0271" }, "geometry": { "type": "MultiLineString", "coordinates": [ [ [ 127.140816701037352, 36.47068692953026 ], [ 127.140976478387657, 36.470704100565406 ], [ 127.141107539992944, 36.470743179458751 ], [ 127.141128156425211, 36.470750284709972 ] ] ] } },
{ "type": "Feature", "properties": { "type": "crosswalk", "memo": null, "id": "w_0272" }, "geometry": { "type": "MultiLineString", "coordinates": [ [ [ 127.141128156425211, 36.470750284709972 ], [ 127.141148772857477, 36.47083199505218 ] ] ] } },
{ "type": "Feature", "properties": { "type": "path", "memo": null, "id": "w_0273" }, "geometry": { "type": "MultiLineString", "coordinates": [ [ [ 127.140701838057439, 36.470759166273091 ], [ 127.140726872296639, 36.470904823762872 ] ] ] } },
{ "type": "Feature", "properties": { "type": "path", "memo": null, "id": "w_0274" }, "geometry": { "type": "MultiLineString", "coordinates": [ [ [ 127.140726872296639, 36.470904823762872 ], [ 127.141158344772464, 36.470871665984376 ] ] ] } },
{ "type": "Feature", "properties": { "type": "path", "memo": null, "id": "w_0275" }, "geometry": { "type": "MultiLineString", "coordinates": [ [ [ 127.141148772857477, 36.47083199505218 ], [ 127.141158344772464, 36.470871665984376 ] ] ] } },
{ "type": "Feature", "properties": { "type": "path", "memo": null, "id": "w_0276" }, "geometry": { "type": "MultiLineString", "coordinates": [ [ [ 127.141158344772464, 36.470871665984376 ], [ 127.141305605003069, 36.470903047453646 ], [ 127.141453601534892, 36.470985349737283 ] ] ] } },
{ "type": "Feature", "properties": { "type": "crosswalk", "memo": null, "id": "w_0277" }, "geometry": { "type": "MultiLineString", "coordinates": [ [ [ 127.141453601534892, 36.470985349737283 ], [ 127.141581717935566, 36.471036862632921 ], [ 127.141611169981701, 36.47110199383129 ] ] ] } },
{ "type": "Feature", "properties": { "type": "path", "memo": null, "id": "w_0278" }, "geometry": { "type": "MultiLineString", "coordinates": [ [ [ 127.141453601534892, 36.470985349737283 ], [ 127.141492625496028, 36.471385609957032 ] ] ] } },
{ "type": "Feature", "properties": { "type": "crossswalk", "memo": null, "id": "w_0279" }, "geometry": { "type": "MultiLineString", "coordinates": [ [ [ 127.141611169981701, 36.47110199383129 ], [ 127.141748121996201, 36.471159427660787 ] ] ] } },
{ "type": "Feature", "properties": { "type": "path", "memo": null, "id": "w_0280" }, "geometry": { "type": "MultiLineString", "coordinates": [ [ [ 127.141611169981701, 36.47110199383129 ], [ 127.141656084352064, 36.471380873161756 ], [ 127.14169363571088, 36.471454293455608 ], [ 127.141785673355017, 36.471620673057622 ], [ 127.141869611686474, 36.471772249893085 ], [ 127.141938823994892, 36.471845669816197 ] ] ] } },
{ "type": "Feature", "properties": { "type": "stairs", "memo": null, "id": "w_0281" }, "geometry": { "type": "MultiLineString", "coordinates": [ [ [ 127.141938823994892, 36.471845669816197 ], [ 127.14173413227428, 36.471826722745924 ] ] ] } },
{ "type": "Feature", "properties": { "type": "path", "memo": null, "id": "w_0282" }, "geometry": { "type": "MultiLineString", "coordinates": [ [ [ 127.141938823994892, 36.471845669816197 ], [ 127.142017608218296, 36.471900142617436 ] ] ] } },
{ "type": "Feature", "properties": { "type": "stairs", "memo": null, "id": "w_0283" }, "geometry": { "type": "MultiLineString", "coordinates": [ [ [ 127.142017608218296, 36.471900142617436 ], [ 127.142026443832151, 36.471949878619917 ], [ 127.142116272572849, 36.472052903094962 ] ] ] } },
{ "type": "Feature", "properties": { "type": "path", "memo": null, "id": "w_0284" }, "geometry": { "type": "MultiLineString", "coordinates": [ [ [ 127.141708729884726, 36.470480876812083 ], [ 127.142320964293361, 36.47034883699488 ], [ 127.142426991659448, 36.470284889379265 ], [ 127.142759799780777, 36.470187783639879 ], [ 127.143086717492849, 36.470109625273473 ], [ 127.143690484438565, 36.470081204029789 ] ] ] } },
{ "type": "Feature", "properties": { "type": "path", "memo": null, "id": "w_0285" }, "geometry": { "type": "MultiLineString", "coordinates": [ [ [ 127.143690484438565, 36.470081204029789 ], [ 127.144220621268971, 36.470071730279557 ], [ 127.144544593776445, 36.470126204327471 ], [ 127.144662401960986, 36.470140414942371 ] ] ] } },
{ "type": "Feature", "properties": { "type": "crosswalk", "memo": null, "id": "w_0286" }, "geometry": { "type": "MultiLineString", "coordinates": [ [ [ 127.141788250409292, 36.470712982133826 ], [ 127.141907163045147, 36.470683969006544 ] ] ] } },
{ "type": "Feature", "properties": { "type": "path", "memo": null, "id": "w_0287" }, "geometry": { "type": "MultiLineString", "coordinates": [ [ [ 127.141907163045147, 36.470683969006544 ], [ 127.14207356710584, 36.470649626923581 ] ] ] } },
{ "type": "Feature", "properties": { "type": "path", "memo": null, "id": "w_0288" }, "geometry": { "type": "MultiLineString", "coordinates": [ [ [ 127.14207356710584, 36.470649626923581 ], [ 127.142371032771763, 36.470573837445251 ] ] ] } },
{ "type": "Feature", "properties": { "type": "path", "memo": null, "id": "w_0289" }, "geometry": { "type": "MultiLineString", "coordinates": [ [ [ 127.14207356710584, 36.470649626923581 ], [ 127.142083507171392, 36.470682784797063 ] ] ] } },
{ "type": "Feature", "properties": { "type": "crosswalk", "memo": null, "id": "w_0290" }, "geometry": { "type": "MultiLineString", "coordinates": [ [ [ 127.142107169123875, 36.470894863541709 ], [ 127.142122531132529, 36.470805646436723 ] ] ] } },
{ "type": "Feature", "properties": { "type": "stairs", "memo": null, "id": "w_0291" }, "geometry": { "type": "MultiLineString", "coordinates": [ [ [ 127.142122531132529, 36.470805646436723 ], [ 127.142099705796753, 36.470740514989352 ] ] ] } },
{ "type": "Feature", "properties": { "type": "path", "memo": null, "id": "w_0292" }, "geometry": { "type": "MultiLineString", "coordinates": [ [ [ 127.142107169123875, 36.470894863541709 ], [ 127.142495835817201, 36.470961369584494 ], [ 127.142819808324674, 36.470996895734075 ], [ 127.143078986330636, 36.470996895734075 ], [ 127.143534020443369, 36.470993343119851 ] ] ] } },
{ "type": "Feature", "properties": { "type": "path", "memo": null, "id": "w_0293" }, "geometry": { "type": "MultiLineString", "coordinates": [ [ [ 127.142122531132529, 36.470805646436723 ], [ 127.142155664684324, 36.470842948968283 ], [ 127.142406007076502, 36.470892685649126 ], [ 127.142573883739459, 36.47085360683117 ], [ 127.142763849437017, 36.470767159678964 ], [ 127.142896383644612, 36.470649922976087 ], [ 127.143316075302039, 36.470422554319626 ], [ 127.143613540967948, 36.470289922295365 ], [ 127.143855047746271, 36.470185711259958 ], [ 127.144150672659279, 36.47016439534908 ] ] ] } },
{ "type": "Feature", "properties": { "type": "path", "memo": null, "id": "w_0294" }, "geometry": { "type": "MultiLineString", "coordinates": [ [ [ 127.144150672659279, 36.47016439534908 ], [ 127.144296460287606, 36.470163211131627 ] ] ] } },
{ "type": "Feature", "properties": { "type": "stairs", "memo": null, "id": "w_0295" }, "geometry": { "type": "MultiLineString", "coordinates": [ [ [ 127.144296460287606, 36.470163211131627 ], [ 127.144252282218432, 36.470507817643934 ] ] ] } },
{ "type": "Feature", "properties": { "type": "path", "memo": null, "id": "w_0296" }, "geometry": { "type": "MultiLineString", "coordinates": [ [ [ 127.144296460287606, 36.470163211131627 ], [ 127.144662401960986, 36.470140414942371 ] ] ] } },
{ "type": "Feature", "properties": { "type": "path", "memo": null, "id": "w_0297" }, "geometry": { "type": "MultiLineString", "coordinates": [ [ [ 127.144662401960986, 36.470140414942371 ], [ 127.144773951585492, 36.470149888684162 ] ] ] } },
{ "type": "Feature", "properties": { "type": "path", "memo": null, "id": "w_0298" }, "geometry": { "type": "MultiLineString", "coordinates": [ [ [ 127.144773951585492, 36.470149888684162 ], [ 127.144797513222443, 36.470359494925646 ], [ 127.145106759706877, 36.470489166299735 ] ] ] } },
{ "type": "Feature", "properties": { "type": "path", "memo": null, "id": "w_0299" }, "geometry": { "type": "MultiLineString", "coordinates": [ [ [ 127.145106759706877, 36.470489166299735 ], [ 127.145248129528255, 36.470594561138057 ] ] ] } },
{ "type": "Feature", "properties": { "type": "path", "memo": null, "id": "w_0300" }, "geometry": { "type": "MultiLineString", "coordinates": [ [ [ 127.145248129528255, 36.470594561138057 ], [ 127.145245920624816, 36.470651995343559 ] ] ] } },
{ "type": "Feature", "properties": { "type": "path", "memo": null, "id": "w_0301" }, "geometry": { "type": "MultiLineString", "coordinates": [ [ [ 127.145248129528255, 36.470594561138057 ], [ 127.145379191133557, 36.470589824294471 ] ] ] } },
{ "type": "Feature", "properties": { "type": "path", "memo": null, "id": "w_0302" }, "geometry": { "type": "MultiLineString", "coordinates": [ [ [ 127.145379191133557, 36.470589824294471 ], [ 127.145432204816615, 36.470789955683905 ] ] ] } },
{ "type": "Feature", "properties": { "type": "stairs", "memo": null, "id": "w_0303" }, "geometry": { "type": "MultiLineString", "coordinates": [ [ [ 127.145245920624816, 36.470651995343559 ], [ 127.145242239119028, 36.470681008482721 ] ] ] } },
{ "type": "Feature", "properties": { "type": "path", "memo": null, "id": "w_0304" }, "geometry": { "type": "MultiLineString", "coordinates": [ [ [ 127.144773951585492, 36.470149888684162 ], [ 127.145205424061345, 36.470225678577016 ] ] ] } },
{ "type": "Feature", "properties": { "type": "path", "memo": null, "id": "w_0305" }, "geometry": { "type": "MultiLineString", "coordinates": [ [ [ 127.143534020443369, 36.470993343119851 ], [ 127.143778472426135, 36.470998968092267 ] ] ] } },
{ "type": "Feature", "properties": { "type": "path", "memo": null, "id": "w_0306" }, "geometry": { "type": "MultiLineString", "coordinates": [ [ [ 127.143778472426135, 36.470998968092267 ], [ 127.144189328469622, 36.471010810138203 ] ] ] } },
{ "type": "Feature", "properties": { "type": "path", "memo": null, "id": "w_0307" }, "geometry": { "type": "MultiLineString", "coordinates": [ [ [ 127.144189328469622, 36.471010810138203 ], [ 127.144217307913408, 36.471031533714218 ], [ 127.144189328469622, 36.471893629567106 ] ] ] } },
{ "type": "Feature", "properties": { "type": "path", "memo": null, "id": "w_0308" }, "geometry": { "type": "MultiLineString", "coordinates": [ [ [ 127.144189328469622, 36.471893629567106 ], [ 127.14410539013808, 36.471895997949105 ] ] ] } },
{ "type": "Feature", "properties": { "type": "crosswalk", "memo": null, "id": "w_0309" }, "geometry": { "type": "MultiLineString", "coordinates": [ [ [ 127.14410539013808, 36.471895997949105 ], [ 127.143944876486628, 36.471890076993994 ] ] ] } },
{ "type": "Feature", "properties": { "type": "path", "memo": null, "id": "w_0310" }, "geometry": { "type": "MultiLineString", "coordinates": [ [ [ 127.143944876486628, 36.471890076993994 ], [ 127.143645201917224, 36.471884156038413 ] ] ] } },
{ "type": "Feature", "properties": { "type": "path", "memo": null, "id": "w_0311" }, "geometry": { "type": "MultiLineString", "coordinates": [ [ [ 127.143944876486628, 36.471890076993994 ], [ 127.14386609226321, 36.472118625533305 ] ] ] } },
{ "type": "Feature", "properties": { "type": "path", "memo": null, "id": "w_0312" }, "geometry": { "type": "MultiLineString", "coordinates": [ [ [ 127.143645201917224, 36.471884156038413 ], [ 127.143608386859583, 36.472046390057464 ] ] ] } },
{ "type": "Feature", "properties": { "type": "path", "memo": null, "id": "w_0313" }, "geometry": { "type": "MultiLineString", "coordinates": [ [ [ 127.143608386859583, 36.472046390057464 ], [ 127.143611332064197, 36.472107967844394 ] ] ] } },
{ "type": "Feature", "properties": { "type": "path", "memo": null, "id": "w_0314" }, "geometry": { "type": "MultiLineString", "coordinates": [ [ [ 127.143608386859583, 36.472046390057464 ], [ 127.142634996734827, 36.472025074658255 ], [ 127.142311024227368, 36.472008496010403 ], [ 127.142200579054361, 36.47199902249573 ], [ 127.142132839348264, 36.471958760045538 ], [ 127.142017608218296, 36.471900142617436 ] ] ] } },
{ "type": "Feature", "properties": { "type": "path", "memo": null, "id": "w_0315" }, "geometry": { "type": "MultiLineString", "coordinates": [ [ [ 127.143645201917224, 36.471884156038413 ], [ 127.143157770553685, 36.47188889280288 ], [ 127.142916263775419, 36.471884156038392 ] ] ] } },
{ "type": "Feature", "properties": { "type": "path", "memo": null, "id": "w_0316" }, "geometry": { "type": "MultiLineString", "coordinates": [ [ [ 127.141748121996201, 36.471159427660787 ], [ 127.141885810311322, 36.47130922909826 ], [ 127.141965330835887, 36.471398044043099 ], [ 127.142072830804238, 36.471379096863402 ] ] ] } },
{ "type": "Feature", "properties": { "type": "path", "memo": null, "id": "w_0317" }, "geometry": { "type": "MultiLineString", "coordinates": [ [ [ 127.14110753999222, 36.471720737486102 ], [ 127.14108913246335, 36.471578634117115 ] ] ] } },
{ "type": "Feature", "properties": { "type": "path", "memo": null, "id": "w_0318" }, "geometry": { "type": "MultiLineString", "coordinates": [ [ [ 127.14108913246335, 36.471578634117115 ], [ 127.141039800286052, 36.471505806039524 ], [ 127.140933772919979, 36.471523568991572 ] ] ] } },
{ "type": "Feature", "properties": { "type": "crosswalk", "memo": null, "id": "w_0319" }, "geometry": { "type": "MultiLineString", "coordinates": [ [ [ 127.140933772919979, 36.471523568991572 ], [ 127.140918310595737, 36.47144718826884 ] ] ] } },
{ "type": "Feature", "properties": { "type": "path", "memo": null, "id": "w_0320" }, "geometry": { "type": "MultiLineString", "coordinates": [ [ [ 127.140918310595737, 36.47144718826884 ], [ 127.141083242054123, 36.471430609497368 ], [ 127.141103858486403, 36.471282584594952 ] ] ] } },
{ "type": "Feature", "properties": { "type": "path", "memo": null, "id": "w_0321" }, "geometry": { "type": "MultiLineString", "coordinates": [ [ [ 127.141492625496028, 36.471385609957032 ], [ 127.141445502221515, 36.471415214920683 ], [ 127.141192214624752, 36.471411662325629 ], [ 127.141103858486403, 36.471282584594952 ] ] ] } },
{ "type": "Feature", "properties": { "type": "path", "memo": null, "id": "w_0322" }, "geometry": { "type": "MultiLineString", "coordinates": [ [ [ 127.141492625496028, 36.471385609957032 ], [ 127.14157214602001, 36.471821985977556 ] ] ] } },
{ "type": "Feature", "properties": { "type": "path", "memo": null, "id": "w_0323" }, "geometry": { "type": "MultiLineString", "coordinates": [ [ [ 127.140726872296639, 36.470904823762872 ], [ 127.140751906535002, 36.471126862092483 ] ] ] } },
{ "type": "Feature", "properties": { "type": "stairs", "memo": null, "id": "w_0324" }, "geometry": { "type": "MultiLineString", "coordinates": [ [ [ 127.140751906535002, 36.471126862092483 ], [ 127.140776204473042, 36.471392123049924 ] ] ] } },
{ "type": "Feature", "properties": { "type": "path", "memo": null, "id": "w_0325" }, "geometry": { "type": "MultiLineString", "coordinates": [ [ [ 127.140776204473042, 36.471392123049924 ], [ 127.14101992015479, 36.47137732056504 ], [ 127.140918310595737, 36.47144718826884 ] ] ] } },
{ "type": "Feature", "properties": { "type": "path", "memo": null, "id": "w_0326" }, "geometry": { "type": "MultiLineString", "coordinates": [ [ [ 127.140776204473042, 36.471392123049924 ], [ 127.140600228497391, 36.471377320565054 ], [ 127.140476529903651, 36.471436530487587 ], [ 127.140438242243704, 36.471528897876397 ], [ 127.140433824436755, 36.471554950196925 ] ] ] } },
{ "type": "Feature", "properties": { "type": "crosswalk", "memo": null, "id": "w_0327" }, "geometry": { "type": "MultiLineString", "coordinates": [ [ [ 127.140433824436755, 36.471554950196925 ], [ 127.140436769641354, 36.471666264558763 ] ] ] } },
{ "type": "Feature", "properties": { "type": "path", "memo": null, "id": "w_0328" }, "geometry": { "type": "MultiLineString", "coordinates": [ [ [ 127.143254594155039, 36.471484490491683 ], [ 127.143608018708633, 36.471434754190589 ], [ 127.143641888561717, 36.471369623271826 ] ] ] } },
{ "type": "Feature", "properties": { "type": "path", "memo": null, "id": "w_0329" }, "geometry": { "type": "MultiLineString", "coordinates": [ [ [ 127.144252282218432, 36.470507817643934 ], [ 127.144389970533439, 36.470608623640764 ] ] ] } },
{ "type": "Feature", "properties": { "type": "path", "memo": null, "id": "w_0330" }, "geometry": { "type": "MultiLineString", "coordinates": [ [ [ 127.142362933461072, 36.468701576962687 ], [ 127.142734949616184, 36.468682629123641 ], [ 127.142950317703509, 36.468526309276804 ] ] ] } },
{ "type": "Feature", "properties": { "type": "path", "memo": null, "id": "w_0331" }, "geometry": { "type": "MultiLineString", "coordinates": [ [ [ 127.142990262043611, 36.468552954727748 ], [ 127.142950317703509, 36.468526309276804 ] ] ] } },
{ "type": "Feature", "properties": { "type": "stairs", "memo": null, "id": "w_0332" }, "geometry": { "type": "MultiLineString", "coordinates": [ [ [ 127.140103662901637, 36.467902025505282 ], [ 127.140094087777683, 36.467864050966668 ] ] ] } },
{ "type": "Feature", "properties": { "type": "crosswalk", "memo": null, "id": "w_0333" }, "geometry": { "type": "MultiLineString", "coordinates": [ [ [ 127.140528070985326, 36.470177125685531 ], [ 127.140474927250537, 36.4702137437178 ] ] ] } },
{ "type": "Feature", "properties": { "type": "path", "memo": "자동차 조심", "id": "w_0334" }, "geometry": { "type": "MultiLineString", "coordinates": [ [ [ 127.140474927250537, 36.4702137437178 ], [ 127.140489434018136, 36.470338663105565 ], [ 127.140462838277529, 36.470381377476869 ], [ 127.140332277368969, 36.470405555422872 ], [ 127.140256519804765, 36.470418450327408 ], [ 127.140232341858749, 36.470523221426852 ] ] ] } },
{ "type": "Feature", "properties": { "type": "path", "memo": null, "id": "w_0335" }, "geometry": { "type": "MultiLineString", "coordinates": [ [ [ 127.140232341858749, 36.470523221426852 ], [ 127.140232341858749, 36.470523221426852 ], [ 127.140220857334398, 36.47035316987315 ] ] ] } },
{ "type": "Feature", "properties": { "type": "stairs", "memo": null, "id": "w_0336" }, "geometry": { "type": "MultiLineString", "coordinates": [ [ [ 127.140220857334398, 36.47035316987315 ], [ 127.140216021745161, 36.470324257079383 ] ] ] } },
{ "type": "Feature", "properties": { "type": "path", "memo": null, "id": "w_0337" }, "geometry": { "type": "MultiLineString", "coordinates": [ [ [ 127.140220857334398, 36.47035316987315 ], [ 127.140408639381832, 36.470316197764035 ], [ 127.140438458848578, 36.470235604610622 ], [ 127.140429406630759, 36.470194888942068 ] ] ] } },
{ "type": "Feature", "properties": { "type": "paath", "memo": null, "id": "w_0338" }, "geometry": { "type": "MultiLineString", "coordinates": [ [ [ 127.140514817564537, 36.470133901744255 ], [ 127.140665026351513, 36.470139094309424 ] ] ] } },
{ "type": "Feature", "properties": { "type": "path", "memo": null, "id": "w_0339" }, "geometry": { "type": "MultiLineString", "coordinates": [ [ [ 127.140689204297544, 36.47004480031994 ], [ 127.140670545258502, 36.469949163531879 ] ] ] } },
{ "type": "Feature", "properties": { "type": "path", "memo": null, "id": "w_0340" }, "geometry": { "type": "MultiLineString", "coordinates": [ [ [ 127.140689204297544, 36.47004480031994 ], [ 127.140719023764333, 36.470035935073071 ], [ 127.140750455094135, 36.470049635909163 ] ] ] } },
{ "type": "Feature", "properties": { "type": "path", "memo": null, "id": "w_0341" }, "geometry": { "type": "MultiLineString", "coordinates": [ [ [ 127.140665026351513, 36.470139094309424 ], [ 127.140694039886782, 36.470081873170507 ] ] ] } },
{ "type": "Feature", "properties": { "type": "path", "memo": null, "id": "w_0342" }, "geometry": { "type": "MultiLineString", "coordinates": [ [ [ 127.140694039886782, 36.470081873170507 ], [ 127.140689204297544, 36.47004480031994 ] ] ] } },
{ "type": "Feature", "properties": { "type": "path", "memo": null, "id": "w_0343" }, "geometry": { "type": "MultiLineString", "coordinates": [ [ [ 127.140750455094135, 36.470049635909163 ], [ 127.140745619504926, 36.470086708759716 ] ] ] } },
{ "type": "Feature", "properties": { "type": "path", "memo": null, "id": "w_0344" }, "geometry": { "type": "MultiLineString", "coordinates": [ [ [ 127.140694039886782, 36.470081873170507 ], [ 127.140745619504926, 36.470086708759716 ] ] ] } },
{ "type": "Feature", "properties": { "type": "path", "memo": null, "id": "w_0345" }, "geometry": { "type": "MultiLineString", "coordinates": [ [ [ 127.140745619504926, 36.470086708759716 ], [ 127.140775438971701, 36.470139094309431 ] ] ] } },
{ "type": "Feature", "properties": { "type": "path", "memo": null, "id": "w_0346" }, "geometry": { "type": "MultiLineString", "coordinates": [ [ [ 127.140665026351513, 36.470139094309424 ], [ 127.140775438971701, 36.470139094309431 ] ] ] } },
{ "type": "Feature", "properties": { "type": "path", "memo": null, "id": "w_0347" }, "geometry": { "type": "MultiLineString", "coordinates": [ [ [ 127.140775438971701, 36.470139094309431 ], [ 127.140994628736394, 36.470132453242179 ] ] ] } },
{ "type": "Feature", "properties": { "type": "path", "memo": null, "id": "w_0348" }, "geometry": { "type": "MultiLineString", "coordinates": [ [ [ 127.144389970533439, 36.470608623640764 ], [ 127.144810361950903, 36.470597123141751 ], [ 127.144817615334702, 36.470724057358225 ] ] ] } },
{ "type": "Feature", "properties": { "type": "path", "memo": null, "id": "w_0349" }, "geometry": { "type": "MultiLineString", "coordinates": [ [ [ 127.144534733366569, 36.471266247797161 ], [ 127.144810361950903, 36.471266247797161 ], [ 127.144817615334702, 36.470724057358225 ] ] ] } },
{ "type": "Feature", "properties": { "type": "path", "memo": "휠체어 불가능", "id": "w_0350" }, "geometry": { "type": "MultiLineString", "coordinates": [ [ [ 127.14251976560665, 36.469178824125137 ], [ 127.142476585713652, 36.469137379652224 ], [ 127.142085347926027, 36.469121980944777 ] ] ] } },
{ "type": "Feature", "properties": { "type": "path", "memo": "휠체어 불가능", "id": "w_0351" }, "geometry": { "type": "MultiLineString", "coordinates": [ [ [ 127.14137260840954, 36.469133823277424 ], [ 127.141503670014899, 36.469625870600922 ] ] ] } },
{ "type": "Feature", "properties": { "type": "path", "memo": "휠체어 불가능", "id": "w_0352" }, "geometry": { "type": "MultiLineString", "coordinates": [ [ [ 127.141116375608206, 36.469171126613546 ], [ 127.141248950505684, 36.469594342831535 ], [ 127.140952916752141, 36.469719424371654 ] ] ] } },
{ "type": "Feature", "properties": { "type": "ramp", "memo": null, "id": "w_0353" }, "geometry": { "type": "MultiLineString", "coordinates": [ [ [ 127.138042699488651, 36.466586511837711 ], [ 127.138035786483357, 36.466577586842497 ], [ 127.13800348625864, 36.466594586960781 ], [ 127.13802727481081, 36.46663792137474 ] ] ] } },
{ "type": "Feature", "properties": { "type": "path", "memo": null, "id": "w_0354" }, "geometry": { "type": "MultiLineString", "coordinates": [ [ [ 127.138460449437943, 36.466184884110255 ], [ 127.138507995398811, 36.466254190708995 ] ] ] } },
{ "type": "Feature", "properties": { "type": "ramp", "memo": null, "id": "w_0355" }, "geometry": { "type": "MultiLineString", "coordinates": [ [ [ 127.138369953432203, 36.46619045999045 ], [ 127.138395168983749, 36.466239284488786 ], [ 127.138319008453891, 36.466279404767903 ], [ 127.138335328567422, 36.466299124905092 ], [ 127.138450929371729, 36.466246764540806 ], [ 127.138507995398811, 36.466254190708995 ] ] ] } },
{ "type": "Feature", "properties": { "type": "path", "memo": null, "id": "w_0356" }, "geometry": { "type": "MultiLineString", "coordinates": [ [ [ 127.138900203509451, 36.466039522778154 ], [ 127.138924758406574, 36.46610135102506 ] ] ] } },
{ "type": "Feature", "properties": { "type": "stairs", "memo": null, "id": "w_0357" }, "geometry": { "type": "MultiLineString", "coordinates": [ [ [ 127.138672742120448, 36.466466837502722 ], [ 127.138663430850158, 36.466453145976708 ] ] ] } },
{ "type": "Feature", "properties": { "type": "path", "memo": null, "id": "w_0358" }, "geometry": { "type": "MultiLineString", "coordinates": [ [ [ 127.138663430850158, 36.466453145976708 ], [ 127.138642786205949, 36.466432836510741 ] ] ] } },
{ "type": "Feature", "properties": { "type": "ramp", "memo": null, "id": "w_0359" }, "geometry": { "type": "MultiLineString", "coordinates": [ [ [ 127.138672742120448, 36.466466837502722 ], [ 127.138705251141133, 36.466447365936475 ], [ 127.138694711067785, 36.466434445846573 ], [ 127.138664790859622, 36.466446345929377 ], [ 127.138642786205949, 36.466432836510741 ] ] ] } },
{ "type": "Feature", "properties": { "type": "stairs", "memo": null, "id": "w_0360" }, "geometry": { "type": "MultiLineString", "coordinates": [ [ [ 127.139126608118374, 36.466198822719313 ], [ 127.139103733913629, 36.466206304259309 ] ] ] } },
{ "type": "Feature", "properties": { "type": "path", "memo": null, "id": "w_0361" }, "geometry": { "type": "MultiLineString", "coordinates": [ [ [ 127.139103733913629, 36.466206304259309 ], [ 127.139079253743304, 36.466220584358666 ], [ 127.139039518695469, 36.466138366840028 ] ] ] } },
{ "type": "Feature", "properties": { "type": "path", "memo": null, "id": "w_0362" }, "geometry": { "type": "MultiLineString", "coordinates": [ [ [ 127.139165793531376, 36.466433794634277 ], [ 127.139201654594928, 36.466499386298423 ], [ 127.139037773454731, 36.466571466799927 ], [ 127.139046643186546, 36.466584910748395 ] ] ] } },
{ "type": "Feature", "properties": { "type": "path", "memo": null, "id": "w_0363" }, "geometry": { "type": "MultiLineString", "coordinates": [ [ [ 127.138706220919957, 36.466639394475685 ], [ 127.138807931855595, 36.466693867651529 ], [ 127.139046643186546, 36.466584910748395 ] ] ] } },
{ "type": "Feature", "properties": { "type": "path", "memo": null, "id": "w_0364" }, "geometry": { "type": "MultiLineString", "coordinates": [ [ [ 127.139233592130324, 36.466586168706165 ], [ 127.139211050423313, 36.466573339691131 ] ] ] } },
{ "type": "Feature", "properties": { "type": "path", "memo": null, "id": "w_0365" }, "geometry": { "type": "MultiLineString", "coordinates": [ [ [ 127.138713796934695, 36.466831713275575 ], [ 127.138763363528057, 36.466826345414312 ] ] ] } },
{ "type": "Feature", "properties": { "type": "path", "memo": null, "id": "w_0366" }, "geometry": { "type": "MultiLineString", "coordinates": [ [ [ 127.13792973198737, 36.467028978207331 ], [ 127.137942917636366, 36.46700868771191 ] ] ] } },
{ "type": "Feature", "properties": { "type": "path", "memo": null, "id": "w_0367" }, "geometry": { "type": "MultiLineString", "coordinates": [ [ [ 127.137914938192566, 36.467487129554833 ], [ 127.138052269376843, 36.467247505270919 ] ] ] } },
{ "type": "Feature", "properties": { "type": "staisr", "memo": null, "id": "w_0368" }, "geometry": { "type": "MultiLineString", "coordinates": [ [ [ 127.140222596698081, 36.467692142930353 ], [ 127.140247714372947, 36.46769402711012 ] ] ] } },
{ "type": "Feature", "properties": { "type": "ramp", "memo": null, "id": "w_0369" }, "geometry": { "type": "MultiLineString", "coordinates": [ [ [ 127.140341854651027, 36.467676527923331 ], [ 127.140331014952537, 36.46764064673873 ], [ 127.14029973473491, 36.467646086776554 ], [ 127.140314694838992, 36.467688247069901 ], [ 127.140247714372947, 36.46769402711012 ] ] ] } },
{ "type": "Feature", "properties": { "type": "stairs", "memo": null, "id": "w_0370" }, "geometry": { "type": "MultiLineString", "coordinates": [ [ [ 127.140419415567564, 36.467663766899577 ], [ 127.140405438485956, 36.467610455534754 ] ] ] } },
{ "type": "Feature", "properties": { "type": "path", "memo": null, "id": "w_0371" }, "geometry": { "type": "MultiLineString", "coordinates": [ [ [ 127.140247714372947, 36.46769402711012 ], [ 127.140250307464839, 36.467603953937264 ] ] ] } },
{ "type": "Feature", "properties": { "type": "path", "memo": null, "id": "w_0372" }, "geometry": { "type": "MultiLineString", "coordinates": [ [ [ 127.140262619739403, 36.467737669237785 ], [ 127.140280694602424, 36.467731087367959 ], [ 127.140247714372947, 36.46769402711012 ] ] ] } },
{ "type": "Feature", "properties": { "type": "path", "memo": null, "id": "w_0373" }, "geometry": { "type": "MultiLineString", "coordinates": [ [ [ 127.140289509412909, 36.468378278828347 ], [ 127.140260024733536, 36.468361492920742 ] ] ] } },
{ "type": "Feature", "properties": { "type": "path", "memo": null, "id": "w_0374" }, "geometry": { "type": "MultiLineString", "coordinates": [ [ [ 127.141420467984744, 36.468399891291533 ], [ 127.141340887324915, 36.468399500026862 ] ] ] } },
{ "type": "Feature", "properties": { "type": "path", "memo": null, "id": "w_0375" }, "geometry": { "type": "MultiLineString", "coordinates": [ [ [ 127.14152796795311, 36.468613647109102 ], [ 127.141138520570806, 36.468700094109849 ] ] ] } },
{ "type": "Feature", "properties": { "type": "path", "memo": null, "id": "w_0376" }, "geometry": { "type": "MultiLineString", "coordinates": [ [ [ 127.141138520570806, 36.468700094109849 ], [ 127.141153480674902, 36.468762654545095 ], [ 127.141065080059818, 36.468780334668104 ] ] ] } },
{ "type": "Feature", "properties": { "type": "ramp", "memo": null, "id": "w_0377" }, "geometry": { "type": "MultiLineString", "coordinates": [ [ [ 127.141065080059818, 36.468780334668104 ], [ 127.14106015002551, 36.468762484543923 ], [ 127.141126450486794, 36.468750244458747 ], [ 127.141112850392176, 36.468701624120492 ], [ 127.141088401700017, 36.468692786552737 ] ] ] } },
{ "type": "Feature", "properties": { "type": "stairs", "memo": null, "id": "w_0378" }, "geometry": { "type": "MultiLineString", "coordinates": [ [ [ 127.141138520570806, 36.468700094109849 ], [ 127.141088401700017, 36.468692786552737 ] ] ] } },
{ "type": "Feature", "properties": { "type": "path", "memo": null, "id": "w_0379" }, "geometry": { "type": "MultiLineString", "coordinates": [ [ [ 127.141334320749507, 36.468981057047024 ], [ 127.141429114574933, 36.468895488353319 ] ] ] } },
{ "type": "Feature", "properties": { "type": "stairs", "memo": null, "id": "w_0380" }, "geometry": { "type": "MultiLineString", "coordinates": [ [ [ 127.1411958961327, 36.468937240320734 ], [ 127.141198446812069, 36.468881102365962 ] ] ] } },
{ "type": "Feature", "properties": { "type": "path", "memo": null, "id": "w_0381" }, "geometry": { "type": "MultiLineString", "coordinates": [ [ [ 127.141044218094265, 36.469026650100794 ], [ 127.14099750958718, 36.468962190308382 ] ] ] } },
{ "type": "Feature", "properties": { "type": "path", "memo": null, "id": "w_0382" }, "geometry": { "type": "MultiLineString", "coordinates": [ [ [ 127.140534697696651, 36.469289549783831 ], [ 127.140584139961561, 36.469311155058556 ] ] ] } },
{ "type": "Feature", "properties": { "type": "path", "memo": null, "id": "w_0383" }, "geometry": { "type": "MultiLineString", "coordinates": [ [ [ 127.140675699366824, 36.469727121828626 ], [ 127.140664634662727, 36.469676227395318 ] ] ] } },
{ "type": "Feature", "properties": { "type": "ramp", "memo": "가파른 경사로 주의", "id": "w_0384" }, "geometry": { "type": "MultiLineString", "coordinates": [ [ [ 127.140952916752141, 36.469719424371654 ], [ 127.140927209100639, 36.469627790564303 ], [ 127.140691927463678, 36.469693751023208 ], [ 127.140664634662727, 36.469676227395318 ] ] ] } },
{ "type": "Feature", "properties": { "type": "stairs", "memo": null, "id": "w_0385" }, "geometry": { "type": "MultiLineString", "coordinates": [ [ [ 127.13967359349769, 36.469293102476151 ], [ 127.139682595811223, 36.469320670836574 ] ] ] } },
{ "type": "Feature", "properties": { "type": "stairs", "memo": null, "id": "w_0386" }, "geometry": { "type": "MultiLineString", "coordinates": [ [ [ 127.139172540562839, 36.469381327616361 ], [ 127.139186746434902, 36.469423830072927 ] ] ] } },
{ "type": "Feature", "properties": { "type": "ramp", "memo": null, "id": "w_0387" }, "geometry": { "type": "MultiLineString", "coordinates": [ [ [ 127.139304338469103, 36.469560738162265 ], [ 127.139283637665557, 36.469523579839269 ], [ 127.139268447744172, 36.469530918225523 ] ] ] } },
{ "type": "Feature", "properties": { "type": "path", "memo": null, "id": "w_0388" }, "geometry": { "type": "MultiLineString", "coordinates": [ [ [ 127.139628310976576, 36.469585014804892 ], [ 127.139651520225115, 36.469482779555385 ], [ 127.139641320154141, 36.469453199349594 ], [ 127.139660130469693, 36.469448511726178 ] ] ] } },
{ "type": "Feature", "properties": { "type": "path", "memo": null, "id": "w_0389" }, "geometry": { "type": "MultiLineString", "coordinates": [ [ [ 127.137078145208818, 36.465947600512052 ], [ 127.137052286584563, 36.465904437306286 ] ] ] } },
{ "type": "Feature", "properties": { "type": "path", "memo": null, "id": "w_0390" }, "geometry": { "type": "MultiLineString", "coordinates": [ [ [ 127.139499778373462, 36.465661498560323 ], [ 127.139536629483757, 36.465635326805248 ] ] ] } },
{ "type": "Feature", "properties": { "type": "ramp", "memo": null, "id": "w_0391" }, "geometry": { "type": "MultiLineString", "coordinates": [ [ [ 127.142302004537967, 36.468475682895161 ], [ 127.142294358612702, 36.468450192371193 ], [ 127.142358279057433, 36.46837539185077 ] ] ] } },
{ "type": "Feature", "properties": { "type": "path", "memo": null, "id": "w_0392" }, "geometry": { "type": "MultiLineString", "coordinates": [ [ [ 127.142358279057433, 36.46837539185077 ], [ 127.142217916522085, 36.468196045253912 ] ] ] } },
{ "type": "Feature", "properties": { "type": "path", "memo": null, "id": "w_0393" }, "geometry": { "type": "MultiLineString", "coordinates": [ [ [ 127.142302004537967, 36.468475682895161 ], [ 127.142413359440653, 36.468363831770333 ] ] ] } },
{ "type": "Feature", "properties": { "type": "stairs", "memo": null, "id": "w_0394" }, "geometry": { "type": "MultiLineString", "coordinates": [ [ [ 127.142413359440653, 36.468363831770333 ], [ 127.1423888792703, 36.468345471642593 ] ] ] } },
{ "type": "Feature", "properties": { "type": "path", "memo": null, "id": "w_0395" }, "geometry": { "type": "MultiLineString", "coordinates": [ [ [ 127.1423888792703, 36.468345471642593 ], [ 127.142217916522085, 36.468196045253912 ] ] ] } },
{ "type": "Feature", "properties": { "type": "path", "memo": null, "id": "w_0396" }, "geometry": { "type": "MultiLineString", "coordinates": [ [ [ 127.139443131236391, 36.470076467155017 ], [ 127.139419978614228, 36.47024404485191 ] ] ] } },
{ "type": "Feature", "properties": { "type": "stairs", "memo": null, "id": "w_0397" }, "geometry": { "type": "MultiLineString", "coordinates": [ [ [ 127.139419978614228, 36.47024404485191 ], [ 127.1394233786379, 36.470267845017503 ] ] ] } },
{ "type": "Feature", "properties": { "type": "path", "memo": null, "id": "w_0398" }, "geometry": { "type": "MultiLineString", "coordinates": [ [ [ 127.139434066674298, 36.470328588961344 ], [ 127.1394233786379, 36.470267845017503 ] ] ] } },
{ "type": "Feature", "properties": { "type": "path", "memo": null, "id": "w_0399" }, "geometry": { "type": "MultiLineString", "coordinates": [ [ [ 127.141080665001141, 36.469988242805819 ], [ 127.14115739070229, 36.469906762505275 ], [ 127.141252591364619, 36.469823801928065 ], [ 127.141414432490649, 36.469732681294104 ] ] ] } },
{ "type": "Feature", "properties": { "type": "w", "memo": null, "id": "w_0400" }, "geometry": { "type": "MultiLineString", "coordinates": [ [ [ 127.141414432490649, 36.469732681294104 ], [ 127.141515450833381, 36.469717055923127 ] ] ] } },
{ "type": "Feature", "properties": { "type": "ramp", "memo": null, "id": "w_0401" }, "geometry": { "type": "MultiLineString", "coordinates": [ [ [ 127.139844783515628, 36.469834886148185 ], [ 127.139862406692586, 36.469808501821589 ], [ 127.139814126356683, 36.469666380832777 ], [ 127.13973433834262, 36.469694555658776 ] ] ] } },
{ "type": "Feature", "properties": { "type": "path", "memo": null, "id": "w_0402" }, "geometry": { "type": "MultiLineString", "coordinates": [ [ [ 127.139782166134253, 36.469844882074703 ], [ 127.139773362303757, 36.469813570140829 ] ] ] } },
{ "type": "Feature", "properties": { "type": "path", "memo": null, "id": "w_0403" }, "geometry": { "type": "MultiLineString", "coordinates": [ [ [ 127.140097334811173, 36.469928439666631 ], [ 127.139905076989464, 36.469936066459134 ], [ 127.139884676847529, 36.469895946180003 ] ] ] } },
{ "type": "Feature", "properties": { "type": "stairs", "memo": null, "id": "w_0404" }, "geometry": { "type": "MultiLineString", "coordinates": [ [ [ 127.139836566512727, 36.469910842533629 ], [ 127.139884676847529, 36.469895946180003 ] ] ] } },
{ "type": "Feature", "properties": { "type": "stairs", "memo": null, "id": "w_0405" }, "geometry": { "type": "MultiLineString", "coordinates": [ [ [ 127.139790665380758, 36.470010150875176 ], [ 127.139765166015962, 36.469954362836411 ] ] ] } },
{ "type": "Feature", "properties": { "type": "stairs", "memo": null, "id": "w_0406" }, "geometry": { "type": "MultiLineString", "coordinates": [ [ [ 127.139443131236391, 36.470076467155017 ], [ 127.139429923683551, 36.470036983411248 ] ] ] } },
{ "type": "Feature", "properties": { "type": "ramp", "memo": null, "id": "w_0407" }, "geometry": { "type": "MultiLineString", "coordinates": [ [ [ 127.13941551994327, 36.469638304969372 ], [ 127.139438593743904, 36.469693134768939 ] ] ] } },
{ "type": "Feature", "properties": { "type": "path", "memo": null, "id": "w_0408" }, "geometry": { "type": "MultiLineString", "coordinates": [ [ [ 127.139438593743904, 36.469693134768939 ], [ 127.139529204374256, 36.469738801336646 ] ] ] } },
{ "type": "Feature", "properties": { "type": "path", "memo": null, "id": "w_0409" }, "geometry": { "type": "MultiLineString", "coordinates": [ [ [ 127.139235952334062, 36.469744815128536 ], [ 127.139426353658777, 36.469712174901417 ], [ 127.139529204374256, 36.469738801336646 ] ] ] } },
{ "type": "Feature", "properties": { "type": "stairs", "memo": null, "id": "w_0410" }, "geometry": { "type": "MultiLineString", "coordinates": [ [ [ 127.142136889006792, 36.469670871162961 ], [ 127.142151132616391, 36.469696534792611 ] ] ] } },
{ "type": "Feature", "properties": { "type": "path", "memo": null, "id": "w_0411" }, "geometry": { "type": "MultiLineString", "coordinates": [ [ [ 127.142151132616391, 36.469696534792611 ], [ 127.142164052706278, 36.469733935052822 ] ] ] } },
{ "type": "Feature", "properties": { "type": "ramp", "memo": null, "id": "w_0412" }, "geometry": { "type": "MultiLineString", "coordinates": [ [ [ 127.142214936929051, 36.469666134262894 ], [ 127.142232053179413, 36.46970877487778 ] ] ] } },
{ "type": "Feature", "properties": { "type": "path", "memo": null, "id": "w_0413" }, "geometry": { "type": "MultiLineString", "coordinates": [ [ [ 127.142232053179413, 36.46970877487778 ], [ 127.142164052706278, 36.469733935052822 ] ] ] } },
{ "type": "Feature", "properties": { "type": "stairs", "memo": null, "id": "w_0414" }, "geometry": { "type": "MultiLineString", "coordinates": [ [ [ 127.141515450833381, 36.469717055923127 ], [ 127.14152042822829, 36.46974447512617 ] ] ] } },
{ "type": "Feature", "properties": { "type": "path", "memo": null, "id": "w_0415" }, "geometry": { "type": "MultiLineString", "coordinates": [ [ [ 127.14152042822829, 36.46974447512617 ], [ 127.141527568277937, 36.469810775587426 ] ] ] } },
{ "type": "Feature", "properties": { "type": "ramp", "memo": null, "id": "w_0416" }, "geometry": { "type": "MultiLineString", "coordinates": [ [ [ 127.141414432490649, 36.469732681294104 ], [ 127.141454467769378, 36.469810095582716 ], [ 127.141476227920748, 36.469807035561423 ], [ 127.141469767875805, 36.469755015199489 ] ] ] } },
{ "type": "Feature", "properties": { "type": "path", "memo": null, "id": "w_0417" }, "geometry": { "type": "MultiLineString", "coordinates": [ [ [ 127.141469767875805, 36.469755015199489 ], [ 127.141527568277937, 36.469810775587426 ] ] ] } },
{ "type": "Feature", "properties": { "type": "path", "memo": null, "id": "w_0418" }, "geometry": { "type": "MultiLineString", "coordinates": [ [ [ 127.142719303219195, 36.469211390511738 ], [ 127.142741036720622, 36.469244331646401 ] ] ] } },
{ "type": "Feature", "properties": { "type": "stairs", "memo": null, "id": "w_0419" }, "geometry": { "type": "MultiLineString", "coordinates": [ [ [ 127.143100759223415, 36.469139270915456 ], [ 127.143103479242356, 36.469163751085773 ] ] ] } },
{ "type": "Feature", "properties": { "type": "path", "memo": null, "id": "w_0420" }, "geometry": { "type": "MultiLineString", "coordinates": [ [ [ 127.143103479242356, 36.469163751085773 ], [ 127.143114019315618, 36.469219171471352 ] ] ] } },
{ "type": "Feature", "properties": { "type": "path", "memo": null, "id": "w_0421" }, "geometry": { "type": "MultiLineString", "coordinates": [ [ [ 127.143074919043642, 36.469183471222976 ], [ 127.143114019315618, 36.469219171471352 ] ] ] } },
{ "type": "Feature", "properties": { "type": "ramp", "memo": null, "id": "w_0422" }, "geometry": { "type": "MultiLineString", "coordinates": [ [ [ 127.143212624991833, 36.46913323116086 ], [ 127.143161959649206, 36.469171911142546 ] ] ] } },
{ "type": "Feature", "properties": { "type": "path", "memo": null, "id": "w_0423" }, "geometry": { "type": "MultiLineString", "coordinates": [ [ [ 127.143161959649206, 36.469171911142546 ], [ 127.143114019315618, 36.469219171471352 ] ] ] } },
{ "type": "Feature", "properties": { "type": "stairs", "memo": null, "id": "w_0424" }, "geometry": { "type": "MultiLineString", "coordinates": [ [ [ 127.143653669382786, 36.468785065822232 ], [ 127.143804532642491, 36.468896952332543 ] ] ] } },
{ "type": "Feature", "properties": { "type": "path", "memo": null, "id": "w_0425" }, "geometry": { "type": "MultiLineString", "coordinates": [ [ [ 127.143804532642491, 36.468896952332543 ], [ 127.143851276671484, 36.468937248909228 ], [ 127.143825486862511, 36.468969284687752 ] ] ] } },
{ "type": "Feature", "properties": { "type": "path", "memo": null, "id": "w_0426" }, "geometry": { "type": "MultiLineString", "coordinates": [ [ [ 127.144009239252114, 36.46907748099617 ], [ 127.143825486862511, 36.468969284687752 ] ] ] } },
{ "type": "Feature", "properties": { "type": "stairs", "memo": null, "id": "w_0427" }, "geometry": { "type": "MultiLineString", "coordinates": [ [ [ 127.143428361229894, 36.468882173318846 ], [ 127.143496666796452, 36.468959814992196 ] ] ] } },
{ "type": "Feature", "properties": { "type": "path", "memo": null, "id": "w_0428" }, "geometry": { "type": "MultiLineString", "coordinates": [ [ [ 127.143653420479907, 36.469070630578138 ], [ 127.143496666796452, 36.468959814992196 ] ] ] } },
{ "type": "Feature", "properties": { "type": "path", "memo": null, "id": "w_0429" }, "geometry": { "type": "MultiLineString", "coordinates": [ [ [ 127.143598214169813, 36.469241085097579 ], [ 127.143572021394831, 36.469255994830959 ] ] ] } },
{ "type": "Feature", "properties": { "type": "path", "memo": null, "id": "w_0430" }, "geometry": { "type": "MultiLineString", "coordinates": [ [ [ 127.143598214169813, 36.469241085097579 ], [ 127.143636495917534, 36.4693373939159 ] ] ] } },
{ "type": "Feature", "properties": { "type": "ramp", "memo": null, "id": "w_0431" }, "geometry": { "type": "MultiLineString", "coordinates": [ [ [ 127.143636495917534, 36.4693373939159 ], [ 127.143610706108461, 36.469351900683513 ], [ 127.143592975614695, 36.469351900683506 ], [ 127.143575245120971, 36.46933900577897 ], [ 127.143559126490288, 36.469319663422155 ], [ 127.143555902764149, 36.46929870920227 ], [ 127.143572021394831, 36.469255994830959 ] ] ] } },
{ "type": "Feature", "properties": { "type": "path", "memo": null, "id": "w_0432" }, "geometry": { "type": "MultiLineString", "coordinates": [ [ [ 127.141598284711918, 36.470156993989846 ], [ 127.142007708287196, 36.470085298379473 ] ] ] } },
{ "type": "Feature", "properties": { "type": "ramp", "memo": null, "id": "w_0433" }, "geometry": { "type": "MultiLineString", "coordinates": [ [ [ 127.142007708287196, 36.470085298379473 ], [ 127.142014155739474, 36.470121565298506 ], [ 127.141986754067318, 36.470130430545375 ] ] ] } },
{ "type": "Feature", "properties": { "type": "stairs", "memo": null, "id": "w_0434" }, "geometry": { "type": "MultiLineString", "coordinates": [ [ [ 127.14188139250534, 36.470149592629831 ], [ 127.14191341429769, 36.470143728415685 ] ] ] } },
{ "type": "Feature", "properties": { "type": "path", "memo": null, "id": "w_0435" }, "geometry": { "type": "MultiLineString", "coordinates": [ [ [ 127.14191341429769, 36.470143728415685 ], [ 127.141948875285181, 36.470165488567112 ] ] ] } },
{ "type": "Feature", "properties": { "type": "path", "memo": null, "id": "w_0436" }, "geometry": { "type": "MultiLineString", "coordinates": [ [ [ 127.141948875285181, 36.470165488567112 ], [ 127.141986754067318, 36.470130430545375 ] ] ] } },
{ "type": "Feature", "properties": { "type": "stairs", "memo": null, "id": "w_0437" }, "geometry": { "type": "MultiLineString", "coordinates": [ [ [ 127.141609329229226, 36.470246402363003 ], [ 127.141649723573906, 36.470280636035014 ] ] ] } },
{ "type": "Feature", "properties": { "type": "path", "memo": null, "id": "w_0438" }, "geometry": { "type": "MultiLineString", "coordinates": [ [ [ 127.142430268264519, 36.470562712071953 ], [ 127.142472982635766, 36.470578427736839 ] ] ] } },
{ "type": "Feature", "properties": { "type": "path", "memo": null, "id": "w_0439" }, "geometry": { "type": "MultiLineString", "coordinates": [ [ [ 127.142099705796753, 36.470740514989352 ], [ 127.142083507171392, 36.470682784797063 ] ] ] } },
{ "type": "Feature", "properties": { "type": "path", "memo": null, "id": "w_0440" }, "geometry": { "type": "MultiLineString", "coordinates": [ [ [ 127.142083507171392, 36.470682784797063 ], [ 127.142164915306935, 36.470726316173334 ] ] ] } },
{ "type": "Feature", "properties": { "type": "path", "memo": null, "id": "w_0441" }, "geometry": { "type": "MultiLineString", "coordinates": [ [ [ 127.142099705796753, 36.470740514989352 ], [ 127.142164915306935, 36.470726316173334 ] ] ] } },
{ "type": "Feature", "properties": { "type": "path", "memo": null, "id": "w_0442" }, "geometry": { "type": "MultiLineString", "coordinates": [ [ [ 127.143692760012527, 36.469967934599794 ], [ 127.143690484438565, 36.470081204029789 ] ] ] } },
{ "type": "Feature", "properties": { "type": "ramp", "memo": null, "id": "w_0443" }, "geometry": { "type": "MultiLineString", "coordinates": [ [ [ 127.143690484438565, 36.470081204029789 ], [ 127.144123933383256, 36.470025155738725 ], [ 127.144351206075854, 36.470026767601794 ], [ 127.144370951398415, 36.469988485853925 ] ] ] } },
{ "type": "Feature", "properties": { "type": "path", "memo": null, "id": "w_0444" }, "geometry": { "type": "MultiLineString", "coordinates": [ [ [ 127.144662401960986, 36.470140414942371 ], [ 127.144369339535359, 36.47004731885589 ] ] ] } },
{ "type": "Feature", "properties": { "type": "ramp", "memo": null, "id": "w_0445" }, "geometry": { "type": "MultiLineString", "coordinates": [ [ [ 127.144369339535359, 36.47004731885589 ], [ 127.144370951398415, 36.469988485853925 ] ] ] } },
{ "type": "Feature", "properties": { "type": "path", "memo": null, "id": "w_0446" }, "geometry": { "type": "MultiLineString", "coordinates": [ [ [ 127.144773951585492, 36.470149888684162 ], [ 127.144758604466318, 36.470086809501062 ] ] ] } },
{ "type": "Feature", "properties": { "type": "stairs", "memo": null, "id": "w_0447" }, "geometry": { "type": "MultiLineString", "coordinates": [ [ [ 127.144758604466318, 36.470086809501062 ], [ 127.14477754385733, 36.47004651292437 ] ] ] } },
{ "type": "Feature", "properties": { "type": "path", "memo": null, "id": "w_0448" }, "geometry": { "type": "MultiLineString", "coordinates": [ [ [ 127.144662401960986, 36.470140414942371 ], [ 127.144758604466318, 36.470086809501062 ] ] ] } },
{ "type": "Feature", "properties": { "type": "ramp", "memo": null, "id": "w_0449" }, "geometry": { "type": "MultiLineString", "coordinates": [ [ [ 127.144758604466318, 36.470086809501062 ], [ 127.14477754385733, 36.47004651292437 ] ] ] } },
{ "type": "Feature", "properties": { "type": "path", "memo": null, "id": "w_0450" }, "geometry": { "type": "MultiLineString", "coordinates": [ [ [ 127.145106759706877, 36.470489166299735 ], [ 127.145178293312611, 36.470432151163408 ] ] ] } },
{ "type": "Feature", "properties": { "type": "stairs", "memo": null, "id": "w_0451" }, "geometry": { "type": "MultiLineString", "coordinates": [ [ [ 127.145178293312611, 36.470432151163408 ], [ 127.145181114072969, 36.4704164354985 ] ] ] } },
{ "type": "Feature", "properties": { "type": "path", "memo": null, "id": "w_0452" }, "geometry": { "type": "MultiLineString", "coordinates": [ [ [ 127.145181114072969, 36.4704164354985 ], [ 127.145207709813604, 36.470426509642671 ] ] ] } },
{ "type": "Feature", "properties": { "type": "ramp", "memo": null, "id": "w_0453" }, "geometry": { "type": "MultiLineString", "coordinates": [ [ [ 127.145178293312611, 36.470432151163408 ], [ 127.145091857155549, 36.470417442912918 ], [ 127.145096692744758, 36.470396488693027 ], [ 127.145174666620704, 36.470407973217398 ] ] ] } },
{ "type": "Feature", "properties": { "type": "path", "memo": null, "id": "w_0454" }, "geometry": { "type": "MultiLineString", "coordinates": [ [ [ 127.145174666620704, 36.470407973217398 ], [ 127.145207709813604, 36.470426509642671 ] ] ] } },
{ "type": "Feature", "properties": { "type": "path", "memo": null, "id": "w_0455" }, "geometry": { "type": "MultiLineString", "coordinates": [ [ [ 127.145242239119028, 36.470681008482721 ], [ 127.145240350040638, 36.470758553434706 ] ] ] } },
{ "type": "Feature", "properties": { "type": "ramp", "memo": null, "id": "w_0456" }, "geometry": { "type": "MultiLineString", "coordinates": [ [ [ 127.145432204816615, 36.470789955683905 ], [ 127.145416043115091, 36.470837131759275 ], [ 127.145386626614084, 36.47083793769081 ] ] ] } },
{ "type": "Feature", "properties": { "type": "stairs", "memo": null, "id": "w_0457" }, "geometry": { "type": "MultiLineString", "coordinates": [ [ [ 127.145371918363608, 36.47079079069605 ], [ 127.145370910949197, 36.47080570042943 ] ] ] } },
{ "type": "Feature", "properties": { "type": "path", "memo": null, "id": "w_0458" }, "geometry": { "type": "MultiLineString", "coordinates": [ [ [ 127.145359627907695, 36.470840758451175 ], [ 127.145370910949197, 36.47080570042943 ] ] ] } },
{ "type": "Feature", "properties": { "type": "path", "memo": null, "id": "w_0459" }, "geometry": { "type": "MultiLineString", "coordinates": [ [ [ 127.145386626614084, 36.47083793769081 ], [ 127.145359627907695, 36.470840758451175 ] ] ] } },
{ "type": "Feature", "properties": { "type": "path", "memo": null, "id": "w_0460" }, "geometry": { "type": "MultiLineString", "coordinates": [ [ [ 127.144817615334702, 36.470724057358225 ], [ 127.144779860910447, 36.470720674652583 ] ] ] } },
{ "type": "Feature", "properties": { "type": "stairs", "memo": null, "id": "w_0461" }, "geometry": { "type": "MultiLineString", "coordinates": [ [ [ 127.144779860910447, 36.470720674652583 ], [ 127.144755279998662, 36.470720271686822 ] ] ] } },
{ "type": "Feature", "properties": { "type": "path", "memo": null, "id": "w_0462" }, "geometry": { "type": "MultiLineString", "coordinates": [ [ [ 127.144755279998662, 36.470720271686822 ], [ 127.144723042737326, 36.470719868721069 ] ] ] } },
{ "type": "Feature", "properties": { "type": "path", "memo": null, "id": "w_0463" }, "geometry": { "type": "MultiLineString", "coordinates": [ [ [ 127.144408746213315, 36.470828442430332 ], [ 127.14444136966614, 36.471228411519036 ] ] ] } },
{ "type": "Feature", "properties": { "type": "ramp", "memo": null, "id": "w_0464" }, "geometry": { "type": "MultiLineString", "coordinates": [ [ [ 127.14444136966614, 36.471228411519036 ], [ 127.144569512780052, 36.471226799655959 ], [ 127.144583213616144, 36.471237679731672 ] ] ] } },
{ "type": "Feature", "properties": { "type": "path", "memo": null, "id": "w_0465" }, "geometry": { "type": "MultiLineString", "coordinates": [ [ [ 127.144583213616144, 36.471237679731672 ], [ 127.144605578216215, 36.471214710682965 ] ] ] } },
{ "type": "Feature", "properties": { "type": "path", "memo": null, "id": "w_0466" }, "geometry": { "type": "MultiLineString", "coordinates": [ [ [ 127.14444136966614, 36.471228411519036 ], [ 127.144534733366569, 36.471266247797161 ] ] ] } },
{ "type": "Feature", "properties": { "type": "path", "memo": null, "id": "w_0467" }, "geometry": { "type": "MultiLineString", "coordinates": [ [ [ 127.144534733366569, 36.471266247797161 ], [ 127.144582004718828, 36.471252186499271 ] ] ] } },
{ "type": "Feature", "properties": { "type": "stairs", "memo": null, "id": "w_0468" }, "geometry": { "type": "MultiLineString", "coordinates": [ [ [ 127.144582004718828, 36.471252186499271 ], [ 127.144583213616144, 36.471237679731672 ] ] ] } },
{ "type": "Feature", "properties": { "type": "stairs", "memo": null, "id": "w_0469" }, "geometry": { "type": "MultiLineString", "coordinates": [ [ [ 127.144408746213315, 36.470828442430332 ], [ 127.144418803583221, 36.470786761038369 ] ] ] } },
{ "type": "Feature", "properties": { "type": "path", "memo": null, "id": "w_0470" }, "geometry": { "type": "MultiLineString", "coordinates": [ [ [ 127.144418803583221, 36.470786761038369 ], [ 127.144440160768823, 36.470725107276031 ] ] ] } },
{ "type": "Feature", "properties": { "type": "stairs", "memo": null, "id": "w_0471" }, "geometry": { "type": "MultiLineString", "coordinates": [ [ [ 127.144389970533439, 36.470608623640764 ], [ 127.144396640466042, 36.470633231081145 ] ] ] } },
{ "type": "Feature", "properties": { "type": "path", "memo": null, "id": "w_0472" }, "geometry": { "type": "MultiLineString", "coordinates": [ [ [ 127.144440160768823, 36.470725107276031 ], [ 127.144396640466042, 36.470633231081145 ] ] ] } },
{ "type": "Feature", "properties": { "type": "path", "memo": null, "id": "w_0473" }, "geometry": { "type": "MultiLineString", "coordinates": [ [ [ 127.144389970533439, 36.470608623640764 ], [ 127.144459503125631, 36.470618925796423 ] ] ] } },
{ "type": "Feature", "properties": { "type": "ramp", "memo": null, "id": "w_0474" }, "geometry": { "type": "MultiLineString", "coordinates": [ [ [ 127.144459503125631, 36.470618925796423 ], [ 127.144529014720419, 36.470620134693725 ], [ 127.144529014720419, 36.470641894845137 ] ] ] } },
{ "type": "Feature", "properties": { "type": "path", "memo": null, "id": "w_0475" }, "geometry": { "type": "MultiLineString", "coordinates": [ [ [ 127.144440160768823, 36.470725107276031 ], [ 127.144529014720419, 36.470641894845137 ] ] ] } },
{ "type": "Feature", "properties": { "type": "path", "memo": null, "id": "w_0476" }, "geometry": { "type": "MultiLineString", "coordinates": [ [ [ 127.143538438250161, 36.470826074015733 ], [ 127.143550664208874, 36.470776636523496 ] ] ] } },
{ "type": "Feature", "properties": { "type": "stairs", "memo": null, "id": "w_0477" }, "geometry": { "type": "MultiLineString", "coordinates": [ [ [ 127.143550664208874, 36.470776636523496 ], [ 127.14355217533047, 36.47076233123876 ] ] ] } },
{ "type": "Feature", "properties": { "type": "path", "memo": null, "id": "w_0478" }, "geometry": { "type": "MultiLineString", "coordinates": [ [ [ 127.14355217533047, 36.47076233123876 ], [ 127.143556053876026, 36.470729942865233 ] ] ] } },
{ "type": "Feature", "properties": { "type": "path", "memo": null, "id": "w_0479" }, "geometry": { "type": "MultiLineString", "coordinates": [ [ [ 127.142083875322101, 36.47182198597762 ], [ 127.142230246131717, 36.471769342690557 ] ] ] } },
{ "type": "Feature", "properties": { "type": "stairs", "memo": null, "id": "w_0480" }, "geometry": { "type": "MultiLineString", "coordinates": [ [ [ 127.142230246131717, 36.471769342690557 ], [ 127.142261677461548, 36.471770954553627 ] ] ] } },
{ "type": "Feature", "properties": { "type": "path", "memo": null, "id": "w_0481" }, "geometry": { "type": "MultiLineString", "coordinates": [ [ [ 127.142261677461548, 36.471770954553627 ], [ 127.142295123620244, 36.471773775314006 ] ] ] } },
{ "type": "Feature", "properties": { "type": "path", "memo": null, "id": "w_0482" }, "geometry": { "type": "MultiLineString", "coordinates": [ [ [ 127.142083875322101, 36.47182198597762 ], [ 127.142186725828864, 36.471716957140828 ], [ 127.142410774795295, 36.471620245356746 ], [ 127.142635629693274, 36.471629110603615 ] ] ] } },
{ "type": "Feature", "properties": { "type": "ramp", "memo": null, "id": "w_0483" }, "geometry": { "type": "MultiLineString", "coordinates": [ [ [ 127.142635629693274, 36.471629110603615 ], [ 127.142582438212074, 36.471654094481174 ], [ 127.142581632280539, 36.471681496153344 ], [ 127.142500233195619, 36.471680690221788 ], [ 127.142487338291062, 36.471698420715548 ] ] ] } },
{ "type": "Feature", "properties": { "type": "stairs", "memo": null, "id": "w_0484" }, "geometry": { "type": "MultiLineString", "coordinates": [ [ [ 127.142635629693274, 36.471629110603615 ], [ 127.142634017830247, 36.471688749537122 ] ] ] } },
{ "type": "Feature", "properties": { "type": "path", "memo": null, "id": "w_0485" }, "geometry": { "type": "MultiLineString", "coordinates": [ [ [ 127.142083875322101, 36.47182198597762 ], [ 127.142268124913784, 36.471895068009871 ], [ 127.142479278975699, 36.471904739188275 ], [ 127.142630794104093, 36.471896679872927 ] ] ] } },
{ "type": "Feature", "properties": { "type": "path", "memo": null, "id": "w_0486" }, "geometry": { "type": "MultiLineString", "coordinates": [ [ [ 127.142630794104093, 36.471896679872927 ], [ 127.142916263775419, 36.471884156038392 ] ] ] } },
{ "type": "Feature", "properties": { "type": "stairs", "memo": null, "id": "w_0487" }, "geometry": { "type": "MultiLineString", "coordinates": [ [ [ 127.142630794104093, 36.471896679872927 ], [ 127.142635629693302, 36.471822534171793 ] ] ] } },
{ "type": "Feature", "properties": { "type": "path", "memo": null, "id": "w_0488" }, "geometry": { "type": "MultiLineString", "coordinates": [ [ [ 127.142635629693302, 36.471822534171793 ], [ 127.142581632280567, 36.471761283375216 ] ] ] } },
{ "type": "Feature", "properties": { "type": "path", "memo": null, "id": "w_0489" }, "geometry": { "type": "MultiLineString", "coordinates": [ [ [ 127.142916263775419, 36.471884156038392 ], [ 127.142916263775419, 36.471884156038392 ], [ 127.142940271813103, 36.471604126726056 ] ] ] } },
{ "type": "Feature", "properties": { "type": "path", "memo": null, "id": "w_0490" }, "geometry": { "type": "MultiLineString", "coordinates": [ [ [ 127.142635629693274, 36.471629110603615 ], [ 127.142940271813103, 36.471604126726056 ] ] ] } },
{ "type": "Feature", "properties": { "type": "path", "memo": null, "id": "w_0491" }, "geometry": { "type": "MultiLineString", "coordinates": [ [ [ 127.142940271813103, 36.471604126726056 ], [ 127.143641432247762, 36.471610574178307 ], [ 127.143646267836971, 36.471657318207285 ] ] ] } },
{ "type": "Feature", "properties": { "type": "path", "memo": null, "id": "w_0492" }, "geometry": { "type": "MultiLineString", "coordinates": [ [ [ 127.142940271813103, 36.471604126726056 ], [ 127.143033356905391, 36.471726628319217 ] ] ] } },
{ "type": "Feature", "properties": { "type": "ramp", "memo": null, "id": "w_0493" }, "geometry": { "type": "MultiLineString", "coordinates": [ [ [ 127.143033356905391, 36.471726628319217 ], [ 127.143034162836912, 36.471748388470644 ] ] ] } },
{ "type": "Feature", "properties": { "type": "path", "memo": null, "id": "w_0494" }, "geometry": { "type": "MultiLineString", "coordinates": [ [ [ 127.142916263775419, 36.471884156038392 ], [ 127.143033356905391, 36.471726628319217 ] ] ] } },
{ "type": "Feature", "properties": { "type": "ramp", "memo": null, "id": "w_0495" }, "geometry": { "type": "MultiLineString", "coordinates": [ [ [ 127.143645201917224, 36.471884156038421 ], [ 127.14360012825675, 36.471877941964756 ], [ 127.143601740119806, 36.471845704703384 ] ] ] } },
{ "type": "Feature", "properties": { "type": "path", "memo": null, "id": "w_0496" }, "geometry": { "type": "MultiLineString", "coordinates": [ [ [ 127.143601740119806, 36.471845704703384 ], [ 127.143674878406429, 36.471770753070722 ] ] ] } },
{ "type": "Feature", "properties": { "type": "stairs", "memo": null, "id": "w_0497" }, "geometry": { "type": "MultiLineString", "coordinates": [ [ [ 127.143645201917224, 36.471884156038421 ], [ 127.14364526042263, 36.471845704703384 ] ] ] } },
{ "type": "Feature", "properties": { "type": "path", "memo": null, "id": "w_0498" }, "geometry": { "type": "MultiLineString", "coordinates": [ [ [ 127.14364526042263, 36.471845704703384 ], [ 127.143674878406429, 36.471770753070722 ] ] ] } },
{ "type": "Feature", "properties": { "type": "stairs", "memo": null, "id": "w_0499" }, "geometry": { "type": "MultiLineString", "coordinates": [ [ [ 127.143646267836971, 36.471657318207285 ], [ 127.143654528635281, 36.471701039993007 ] ] ] } },
{ "type": "Feature", "properties": { "type": "path", "memo": null, "id": "w_0500" }, "geometry": { "type": "MultiLineString", "coordinates": [ [ [ 127.143674878406429, 36.471770753070722 ], [ 127.143654528635281, 36.471701039993007 ] ] ] } },
{ "type": "Feature", "properties": { "type": "stairs", "memo": null, "id": "w_0501" }, "geometry": { "type": "MultiLineString", "coordinates": [ [ [ 127.143641888561717, 36.471369623271826 ], [ 127.143646872285714, 36.47132829665852 ] ] ] } },
{ "type": "Feature", "properties": { "type": "path", "memo": null, "id": "w_0502" }, "geometry": { "type": "MultiLineString", "coordinates": [ [ [ 127.143646872285714, 36.47132829665852 ], [ 127.143665207228011, 36.471290417876425 ] ] ] } },
{ "type": "Feature", "properties": { "type": "stairs", "memo": null, "id": "w_0503" }, "geometry": { "type": "MultiLineString", "coordinates": [ [ [ 127.143261957166587, 36.471273703091846 ], [ 127.143262845909689, 36.471256568751997 ] ] ] } },
{ "type": "Feature", "properties": { "type": "path", "memo": null, "id": "w_0504" }, "geometry": { "type": "MultiLineString", "coordinates": [ [ [ 127.143262845909689, 36.471256568751997 ], [ 127.143264659255593, 36.471230778942903 ] ] ] } },
{ "type": "Feature", "properties": { "type": "stairs", "memo": null, "id": "w_0505" }, "geometry": { "type": "MultiLineString", "coordinates": [ [ [ 127.143778472426135, 36.470998968092267 ], [ 127.143781059886066, 36.471037959823391 ] ] ] } },
{ "type": "Feature", "properties": { "type": "path", "memo": null, "id": "w_0506" }, "geometry": { "type": "MultiLineString", "coordinates": [ [ [ 127.143794760722159, 36.471199952061724 ], [ 127.143781059886066, 36.471037959823391 ] ] ] } },
{ "type": "Feature", "properties": { "type": "path", "memo": null, "id": "w_0507" }, "geometry": { "type": "MultiLineString", "coordinates": [ [ [ 127.140307548789949, 36.470098967308367 ], [ 127.140276668093065, 36.470081973911938 ] ] ] } },
{ "type": "Feature", "properties": { "type": "ramp", "memo": null, "id": "w_0508" }, "geometry": { "type": "MultiLineString", "coordinates": [ [ [ 127.140429406630759, 36.470194888942068 ], [ 127.140418260189449, 36.470195610258138 ], [ 127.140404962319138, 36.470184276845941 ], [ 127.140396348925876, 36.470187752425687 ], [ 127.140404508982641, 36.47021132592306 ] ] ] } },
{ "type": "Feature", "properties": { "type": "sstairs", "memo": null, "id": "w_0509" }, "geometry": { "type": "MultiLineString", "coordinates": [ [ [ 127.140429406630759, 36.470194888942068 ], [ 127.140404508982641, 36.47021132592306 ] ] ] } },
{ "type": "Feature", "properties": { "type": "path", "memo": null, "id": "w_0510" }, "geometry": { "type": "MultiLineString", "coordinates": [ [ [ 127.140404508982641, 36.47021132592306 ], [ 127.140389901473682, 36.470214549649292 ] ] ] } },
{ "type": "Feature", "properties": { "type": "path", "memo": null, "id": "w_0511" }, "geometry": { "type": "MultiLineString", "coordinates": [ [ [ 127.140216021745161, 36.470324257079383 ], [ 127.140215240998941, 36.470320504460581 ] ] ] } },
{ "type": "Feature", "properties": { "type": "stairs", "memo": null, "id": "w_0512" }, "geometry": { "type": "MultiLineString", "coordinates": [ [ [ 127.140232341858749, 36.470523221426852 ], [ 127.140238512271992, 36.470555937210044 ] ] ] } },
{ "type": "Feature", "properties": { "type": "path", "memo": null, "id": "w_0513" }, "geometry": { "type": "MultiLineString", "coordinates": [ [ [ 127.140238512271992, 36.470555937210044 ], [ 127.140241534515255, 36.470581324053363 ] ] ] } },
{ "type": "Feature", "properties": { "type": "ramp", "memo": null, "id": "w_0514" }, "geometry": { "type": "MultiLineString", "coordinates": [ [ [ 127.140232341858749, 36.470523221426852 ], [ 127.140258459077472, 36.470555332761379 ] ] ] } },
{ "type": "Feature", "properties": { "type": "path", "memo": null, "id": "w_0515" }, "geometry": { "type": "MultiLineString", "coordinates": [ [ [ 127.140258459077472, 36.470555332761379 ], [ 127.140241534515255, 36.470581324053363 ] ] ] } },
{ "type": "Feature", "properties": { "type": "path", "memo": null, "id": "w_0516" }, "geometry": { "type": "MultiLineString", "coordinates": [ [ [ 127.141103858486403, 36.471282584594952 ], [ 127.141194750037329, 36.47119559499464 ] ] ] } },
{ "type": "Feature", "properties": { "type": "path", "memo": null, "id": "w_0517" }, "geometry": { "type": "MultiLineString", "coordinates": [ [ [ 127.141194750037329, 36.47119559499464 ], [ 127.141192030018445, 36.471162803655353 ] ] ] } },
{ "type": "Feature", "properties": { "type": "path", "memo": null, "id": "w_0518" }, "geometry": { "type": "MultiLineString", "coordinates": [ [ [ 127.141103858486403, 36.471282584594952 ], [ 127.141147877023485, 36.471190345913897 ] ] ] } },
{ "type": "Feature", "properties": { "type": "ramp", "memo": null, "id": "w_0519" }, "geometry": { "type": "MultiLineString", "coordinates": [ [ [ 127.141147877023485, 36.471190345913897 ], [ 127.141177976587286, 36.47117791487161 ] ] ] } },
{ "type": "Feature", "properties": { "type": "path", "memo": null, "id": "w_0520" }, "geometry": { "type": "MultiLineString", "coordinates": [ [ [ 127.141177976587286, 36.47117791487161 ], [ 127.141192030018445, 36.471162803655353 ] ] ] } },
{ "type": "Feature", "properties": { "type": "path", "memo": null, "id": "w_0521" }, "geometry": { "type": "MultiLineString", "coordinates": [ [ [ 127.141162563146693, 36.470918153063984 ], [ 127.141175407680592, 36.471000206968313 ] ] ] } },
{ "type": "Feature", "properties": { "type": "path", "memo": null, "id": "w_0522" }, "geometry": { "type": "MultiLineString", "coordinates": [ [ [ 127.141170836537555, 36.470936739859972 ], [ 127.141175407680592, 36.471000206968313 ] ] ] } },
{ "type": "Feature", "properties": { "type": "path", "memo": null, "id": "w_0523" }, "geometry": { "type": "MultiLineString", "coordinates": [ [ [ 127.140091076251778, 36.469365340517896 ], [ 127.140017447771129, 36.469297478266149 ] ] ] } },
{ "type": "Feature", "properties": { "type": "path", "memo": null, "id": "w_0524" }, "geometry": { "type": "MultiLineString", "coordinates": [ [ [ 127.140933772919979, 36.471523568991572 ], [ 127.140940768269687, 36.471576850981094 ] ] ] } },
{ "type": "Feature", "properties": { "type": "path", "memo": null, "id": "w_0525" }, "geometry": { "type": "MultiLineString", "coordinates": [ [ [ 127.14110753999222, 36.471720737486102 ], [ 127.141034155586198, 36.471729172041073 ] ] ] } },
{ "type": "Feature", "properties": { "type": "path", "memo": null, "id": "w_0526" }, "geometry": { "type": "MultiLineString", "coordinates": [ [ [ 127.14157214602001, 36.471821985977556 ], [ 127.141483865382313, 36.471879679755084 ] ] ] } },
{ "type": "Feature", "properties": { "type": "path", "memo": null, "id": "w_0527" }, "geometry": { "type": "MultiLineString", "coordinates": [ [ [ 127.139433621717785, 36.467188841878212 ], [ 127.139562385193472, 36.467271570209597 ], [ 127.139610416014989, 36.467323701220337 ], [ 127.139657280393877, 36.467379541972782 ], [ 127.139681773862478, 36.467426496121895 ] ] ] } },
{ "type": "Feature", "properties": { "type": "path", "memo": null, "id": "w_0528" }, "geometry": { "type": "MultiLineString", "coordinates": [ [ [ 127.139681773862478, 36.467426496121895 ], [ 127.139722550242979, 36.467556119968023 ], [ 127.139817453015198, 36.467911024934295 ], [ 127.139852837471352, 36.467964045997256 ], [ 127.139897070550717, 36.467978993685122 ] ] ] } },
{ "type": "Feature", "properties": { "type": "path", "memo": null, "id": "w_0529" }, "geometry": { "type": "MultiLineString", "coordinates": [ [ [ 127.139373049377951, 36.467068760755261 ], [ 127.139445491227761, 36.467074413114581 ], [ 127.13952695736694, 36.467103901304945 ], [ 127.139606047588529, 36.467150092039816 ], [ 127.139655300721131, 36.467186445270755 ], [ 127.139747996096844, 36.467273058943192 ], [ 127.139795911089138, 36.467350254191238 ], [ 127.13986331742511, 36.467437719765528 ] ] ] } },
{ "type": "Feature", "properties": { "type": "path", "memo": null, "id": "w_0530" }, "geometry": { "type": "MultiLineString", "coordinates": [ [ [ 127.13986331742511, 36.467437719765528 ], [ 127.139903371981134, 36.467474973456333 ], [ 127.139958397832629, 36.467505774053869 ], [ 127.140089574852965, 36.467597145145575 ], [ 127.140222596698081, 36.467692142930353 ] ] ] } },
{ "type": "Feature", "properties": { "type": "path", "memo": null, "id": "w_0531" }, "geometry": { "type": "MultiLineString", "coordinates": [ [ [ 127.137646924572806, 36.46835281756271 ], [ 127.137709198414484, 36.468430012968518 ], [ 127.138073532339604, 36.469249521589347 ], [ 127.13805136993561, 36.46945096366295 ], [ 127.138048020082039, 36.469497888022268 ], [ 127.138182245526849, 36.469666922040567 ], [ 127.138319903827153, 36.469669686937969 ] ] ] } },
{ "type": "Feature", "properties": { "type": "path", "memo": null, "id": "w_0532" }, "geometry": { "type": "MultiLineString", "coordinates": [ [ [ 127.145379191133557, 36.470589824294471 ], [ 127.145371918363608, 36.47079079069605 ] ] ] } },
{ "type": "Feature", "properties": { "type": "crosswalk", "memo": null, "id": "w_0533" }, "geometry": { "type": "MultiLineString", "coordinates": [ [ [ 127.144189328469622, 36.471010810138203 ], [ 127.144408746213315, 36.470828442430332 ] ] ] } },
{ "type": "Feature", "properties": { "type": "path", "memo": null, "id": "w_0534" }, "geometry": { "type": "MultiLineString", "coordinates": [ [ [ 127.137989399805306, 36.466866002399399 ], [ 127.137970897080194, 36.466960132805383 ] ] ] } },
{ "type": "Feature", "properties": { "type": "crosswalk", "memo": null, "id": "w_0535" }, "geometry": { "type": "MultiLineString", "coordinates": [ [ [ 127.137864051572777, 36.46683264241863 ], [ 127.137989399805306, 36.466866002399399 ] ] ] } },
{ "type": "Feature", "properties": { "type": "path", "memo": null, "id": "w_0536" }, "geometry": { "type": "MultiLineString", "coordinates": [ [ [ 127.137989399805306, 36.466866002399399 ], [ 127.138749013411328, 36.467044971076753 ] ] ] } },
{ "type": "Feature", "properties": { "type": "stairs", "memo": null, "id": "w_0537" }, "geometry": { "type": "MultiLineString", "coordinates": [ [ [ 127.138460449437943, 36.466184884110255 ], [ 127.138440292728149, 36.466160000612724 ] ] ] } },
{ "type": "Feature", "properties": { "type": "stairs", "memo": null, "id": "w_0538" }, "geometry": { "type": "MultiLineString", "coordinates": [ [ [ 127.139172540562839, 36.469381327616361 ], [ 127.139163704948984, 36.469351721875817 ] ] ] } },
{ "type": "Feature", "properties": { "type": "crosswalk", "memo": null, "id": "w_0539" }, "geometry": { "type": "MultiLineString", "coordinates": [ [ [ 127.139073508057436, 36.469859754815992 ], [ 127.139193525145444, 36.469834886148149 ] ] ] } },
{ "type": "Feature", "properties": { "type": "stairs", "memo": null, "id": "w_0540" }, "geometry": { "type": "MultiLineString", "coordinates": [ [ [ 127.139168334925529, 36.46971490834666 ], [ 127.139235952334062, 36.469744815128536 ] ] ] } },
{ "type": "Feature", "properties": { "type": "path", "memo": null, "id": "w_0541" }, "geometry": { "type": "MultiLineString", "coordinates": [ [ [ 127.137785934374506, 36.465208954914289 ], [ 127.137966091307703, 36.465112379320395 ], [ 127.138025286333033, 36.464953206220095 ], [ 127.138602936763633, 36.46464046712908 ], [ 127.138664567125844, 36.464630957669847 ], [ 127.138729170507744, 36.464655604176635 ], [ 127.139258663383046, 36.465498865991599 ] ] ] } },
{ "type": "Feature", "properties": { "type": "path", "memo": null, "id": "w_0542" }, "geometry": { "type": "MultiLineString", "coordinates": [ [ [ 127.138790568853835, 36.466930837160518 ], [ 127.138670128503605, 36.466844174570916 ] ] ] } },
{ "type": "Feature", "properties": { "type": "path", "memo": null, "id": "w_0543" }, "geometry": { "type": "MultiLineString", "coordinates": [ [ [ 127.139181011167565, 36.466267356268084 ], [ 127.139289056384101, 36.466376275533435 ] ] ] } },
{ "type": "Feature", "properties": { "type": "path", "memo": null, "id": "w_0544" }, "geometry": { "type": "MultiLineString", "coordinates": [ [ [ 127.139214024983687, 36.465556521723919 ], [ 127.139258663383046, 36.465498865991599 ] ] ] } },
{ "type": "Feature", "properties": { "type": "crosswalk", "memo": null, "id": "w_0545" }, "geometry": { "type": "MultiLineString", "coordinates": [ [ [ 127.139248747731926, 36.47016883616454 ], [ 127.139172172411975, 36.470116730582959 ] ] ] } },
{ "type": "Feature", "properties": { "type": "path", "memo": null, "id": "w_0546" }, "geometry": { "type": "MultiLineString", "coordinates": [ [ [ 127.139278669220431, 36.466932819636909 ], [ 127.139349102173739, 36.466801409662601 ] ] ] } },
{ "type": "Feature", "properties": { "type": "ramp", "memo": null, "id": "w_0547" }, "geometry": { "type": "MultiLineString", "coordinates": [ [ [ 127.139342994279588, 36.470300284180631 ], [ 127.139434066674298, 36.470328588961344 ] ] ] } },
{ "type": "Feature", "properties": { "type": "path", "memo": null, "id": "w_0548" }, "geometry": { "type": "MultiLineString", "coordinates": [ [ [ 127.139425042871508, 36.465669657375862 ], [ 127.139499778373462, 36.465661498560323 ] ] ] } },
{ "type": "Feature", "properties": { "type": "path", "memo": null, "id": "w_0549" }, "geometry": { "type": "MultiLineString", "coordinates": [ [ [ 127.139529204374256, 36.469738801336646 ], [ 127.139520811008197, 36.469614620456348 ] ] ] } },
{ "type": "Feature", "properties": { "type": "path", "memo": null, "id": "w_0550" }, "geometry": { "type": "MultiLineString", "coordinates": [ [ [ 127.139773362303757, 36.469813570140829 ], [ 127.13973433834262, 36.469694555658776 ] ] ] } },
{ "type": "Feature", "properties": { "type": "path", "memo": null, "id": "w_0551" }, "geometry": { "type": "MultiLineString", "coordinates": [ [ [ 127.140017447771129, 36.469297478266149 ], [ 127.13998983484322, 36.469200140306981 ] ] ] } },
{ "type": "Feature", "properties": { "type": "path", "memo": null, "id": "w_0552" }, "geometry": { "type": "MultiLineString", "coordinates": [ [ [ 127.140080768035659, 36.46948376339148 ], [ 127.140052788591802, 36.469387840877779 ] ] ] } },
{ "type": "Feature", "properties": { "type": "path", "memo": null, "id": "w_0553" }, "geometry": { "type": "MultiLineString", "coordinates": [ [ [ 127.140210357038626, 36.469220272251164 ], [ 127.140229869019237, 36.46918119259005 ] ] ] } },
{ "type": "Feature", "properties": { "type": "crosswlak", "memo": null, "id": "w_0554" }, "geometry": { "type": "MultiLineString", "coordinates": [ [ [ 127.140315648103467, 36.469961005738334 ], [ 127.140291350165413, 36.469876926034388 ] ] ] } },
{ "type": "Feature", "properties": { "type": "path", "memo": null, "id": "w_0555" }, "geometry": { "type": "MultiLineString", "coordinates": [ [ [ 127.140565831442643, 36.467810202075945 ], [ 127.140419415567564, 36.467663766899577 ] ] ] } },
{ "type": "Feature", "properties": { "type": "path", "memo": null, "id": "w_0556" }, "geometry": { "type": "MultiLineString", "coordinates": [ [ [ 127.140534697696651, 36.469289549783831 ], [ 127.140609800414367, 36.469267641510946 ] ] ] } },
{ "type": "Feature", "properties": { "type": "path", "memo": null, "id": "w_0557" }, "geometry": { "type": "MultiLineString", "coordinates": [ [ [ 127.140661341493995, 36.470673311120386 ], [ 127.140598755895965, 36.470649626923624 ] ] ] } },
{ "type": "Feature", "properties": { "type": "path", "memo": null, "id": "w_0558" }, "geometry": { "type": "MultiLineString", "coordinates": [ [ [ 127.140640356912044, 36.469839623037913 ], [ 127.14076037399947, 36.469873965479579 ] ] ] } },
{ "type": "Feature", "properties": { "type": "path", "memo": null, "id": "w_0559" }, "geometry": { "type": "MultiLineString", "coordinates": [ [ [ 127.140831427061812, 36.469194811262035 ], [ 127.140994885917877, 36.469488500302603 ] ] ] } },
{ "type": "Feature", "properties": { "type": "path", "memo": null, "id": "w_0560" }, "geometry": { "type": "MultiLineString", "coordinates": [ [ [ 127.140750455094135, 36.470049635909163 ], [ 127.140829586307831, 36.47000600610567 ] ] ] } },
{ "type": "Feature", "properties": { "type": "path", "memo": null, "id": "w_0561" }, "geometry": { "type": "MultiLineString", "coordinates": [ [ [ 127.140928618814044, 36.469188890100611 ], [ 127.141116375608206, 36.469171126613546 ] ] ] } },
{ "type": "Feature", "properties": { "type": "path", "memo": null, "id": "w_0562" }, "geometry": { "type": "MultiLineString", "coordinates": [ [ [ 127.140994628736394, 36.470132453242179 ], [ 127.141088028012533, 36.470100447581402 ] ] ] } },
{ "type": "Feature", "properties": { "type": "ramp", "memo": null, "id": "w_0563" }, "geometry": { "type": "MultiLineString", "coordinates": [ [ [ 127.141170836537555, 36.470936739859972 ], [ 127.141216493663009, 36.470910730412562 ], [ 127.141158344772464, 36.470871665984376 ] ] ] } },
{ "type": "Feature", "properties": { "type": "path", "memo": null, "id": "w_0564" }, "geometry": { "type": "MultiLineString", "coordinates": [ [ [ 127.141206204348848, 36.468995267871861 ], [ 127.1411958961327, 36.468937240320734 ] ] ] } },
{ "type": "Feature", "properties": { "type": "path", "memo": null, "id": "w_0565" }, "geometry": { "type": "MultiLineString", "coordinates": [ [ [ 127.14110753999222, 36.471720737486102 ], [ 127.141122083876681, 36.471793126151887 ], [ 127.14157214602001, 36.471821985977556 ] ] ] } },
{ "type": "Feature", "properties": { "type": "path", "memo": null, "id": "w_0566" }, "geometry": { "type": "MultiLineString", "coordinates": [ [ [ 127.14157214602001, 36.471821985977556 ], [ 127.14173413227428, 36.471826722745924 ] ] ] } },
{ "type": "Feature", "properties": { "type": "path", "memo": null, "id": "w_0567" }, "geometry": { "type": "MultiLineString", "coordinates": [ [ [ 127.142006563702651, 36.469525803468066 ], [ 127.141909371950419, 36.469120796711408 ] ] ] } },
{ "type": "Feature", "properties": { "type": "path", "memo": null, "id": "w_0568" }, "geometry": { "type": "MultiLineString", "coordinates": [ [ [ 127.142002882197076, 36.4687536834955 ], [ 127.141999758684122, 36.468648411546219 ] ] ] } },
{ "type": "Feature", "properties": { "type": "path", "memo": null, "id": "w_0569" }, "geometry": { "type": "MultiLineString", "coordinates": [ [ [ 127.142017608218296, 36.471900142617436 ], [ 127.142083875322101, 36.47182198597762 ] ] ] } },
{ "type": "Feature", "properties": { "type": "path", "memo": null, "id": "w_0570" }, "geometry": { "type": "MultiLineString", "coordinates": [ [ [ 127.141788250409292, 36.470712982133826 ], [ 127.142107169123875, 36.470894863541709 ] ] ] } },
{ "type": "Feature", "properties": { "type": "path", "memo": null, "id": "w_0571" }, "geometry": { "type": "MultiLineString", "coordinates": [ [ [ 127.142302004537967, 36.468475682895161 ], [ 127.142217006336267, 36.468572177890238 ], [ 127.142362933461072, 36.468701576962687 ] ] ] } },
{ "type": "Feature", "properties": { "type": "stairs", "memo": null, "id": "w_0572" }, "geometry": { "type": "MultiLineString", "coordinates": [ [ [ 127.142371032771763, 36.470573837445251 ], [ 127.142430268264519, 36.470562712071953 ] ] ] } },
{ "type": "Feature", "properties": { "type": "path", "memo": null, "id": "w_0573" }, "geometry": { "type": "MultiLineString", "coordinates": [ [ [ 127.142581632280567, 36.471761283375216 ], [ 127.142634017830247, 36.471688749537122 ] ] ] } },
{ "type": "Feature", "properties": { "type": "crosswalk", "memo": null, "id": "w_0574" }, "geometry": { "type": "MultiLineString", "coordinates": [ [ [ 127.142719303219195, 36.469211390511738 ], [ 127.142712676508836, 36.469135007510644 ] ] ] } },
{ "type": "Feature", "properties": { "type": "path", "memo": null, "id": "w_0575" }, "geometry": { "type": "MultiLineString", "coordinates": [ [ [ 127.143100759223415, 36.469139270915456 ], [ 127.142819440176083, 36.469128494227988 ] ] ] } },
{ "type": "Feature", "properties": { "type": "ramp", "memo": null, "id": "w_0576" }, "geometry": { "type": "MultiLineString", "coordinates": [ [ [ 127.142993207248153, 36.469166389682989 ], [ 127.143074919043642, 36.469183471222976 ] ] ] } },
{ "type": "Feature", "properties": { "type": "path", "memo": null, "id": "w_0577" }, "geometry": { "type": "MultiLineString", "coordinates": [ [ [ 127.142940271813103, 36.471604126726056 ], [ 127.143254594155039, 36.471484490491683 ] ] ] } },
{ "type": "Feature", "properties": { "type": "path", "memo": null, "id": "w_0578" }, "geometry": { "type": "MultiLineString", "coordinates": [ [ [ 127.143254594155039, 36.471484490491683 ], [ 127.143261957166587, 36.471273703091846 ] ] ] } },
{ "type": "Feature", "properties": { "type": "stairs", "memo": null, "id": "w_0579" }, "geometry": { "type": "MultiLineString", "coordinates": [ [ [ 127.143511563260091, 36.469204285119496 ], [ 127.143572021394831, 36.469255994830959 ] ] ] } },
{ "type": "Feature", "properties": { "type": "crosswalk", "memo": null, "id": "w_0580" }, "geometry": { "type": "MultiLineString", "coordinates": [ [ [ 127.143534020443369, 36.470993343119851 ], [ 127.143538438250161, 36.470826074015733 ] ] ] } },
{ "type": "Feature", "properties": { "type": "path", "memo": null, "id": "w_0581" }, "geometry": { "type": "MultiLineString", "coordinates": [ [ [ 127.143259011964574, 36.468520980185794 ], [ 127.143653669382786, 36.468785065822232 ] ] ] } },
{ "type": "Feature", "properties": { "type": "ramp", "memo": null, "id": "w_0582" }, "geometry": { "type": "MultiLineString", "coordinates": [ [ [ 127.143653669382786, 36.468785065822232 ], [ 127.143824398324995, 36.468839210673856 ], [ 127.144029701641131, 36.468971352313829 ], [ 127.144072573724145, 36.469012583026064 ], [ 127.144054364440322, 36.469056793321535 ], [ 127.144009239252114, 36.46907748099617 ] ] ] } },
{ "type": "Feature", "properties": { "type": "path", "memo": null, "id": "w_0583" }, "geometry": { "type": "MultiLineString", "coordinates": [ [ [ 127.140352831312029, 36.468601508636581 ], [ 127.14042979685405, 36.46857337154033 ] ] ] } },
{ "type": "Feature", "properties": { "type": "path", "memo": null, "id": "w_0584" }, "geometry": { "type": "MultiLineString", "coordinates": [ [ [ 127.140800233427328, 36.470337596304432 ], [ 127.140775438971701, 36.470139094309431 ] ] ] } },
{ "type": "Feature", "properties": { "type": "stairs", "memo": null, "id": "w_0585" }, "geometry": { "type": "MultiLineString", "coordinates": [ [ [ 127.141162563146693, 36.470918153063984 ], [ 127.141158344772464, 36.470871665984376 ] ] ] } }
]
}
